// C__LCD_BITMAP.C

#include "ch_define.h"
#include "ch_alarm.h"
#include "ch_main.h"
#include "ch_lcd_hardware.h"
#include "ch_lcd_pixel.h"					   
#include "ch_lcd_bitmap.h"					

//*****************************************************************************
static unsigned char const bitmap_hotraco_groep[] =
{
  0x00,0x00,0x00,0x00,0x00,0x00,0x00,0x00,0x00,0x00,0x00,0x00,0x00,0x00,0x00,0x00,0x00,0x00,0x00,0x00,0x00,0x00,0x00,0x00,0x00,0x00,0x00,0x00,0x00,0x00,
  0x00,0x00,0x00,0x00,0x00,0x00,0x00,0x00,0x00,0x00,0x00,0x00,0x00,0x00,0x00,0x00,0x00,0x00,0x00,0x00,0x00,0x00,0x00,0x00,0x00,0x00,0x00,0x00,0x00,0x00,
  0x00,0x00,0x00,0x00,0x00,0x00,0x00,0x00,0x00,0x00,0x00,0x00,0x00,0x00,0x00,0x00,0x00,0x00,0x00,0x00,0x00,0x00,0x00,0x00,0x00,0x00,0x00,0x00,0x00,0x00,
  0x00,0x00,0x00,0x00,0x00,0x00,0x00,0x00,0x00,0x00,0x00,0x00,0x00,0x00,0x55,0x55,0x00,0x00,0x00,0x00,0x00,0x00,0x00,0x00,0x00,0x00,0x00,0x00,0x00,0x00,
  0x00,0x00,0x00,0x00,0x00,0x00,0x00,0x00,0x00,0x00,0x00,0x00,0x00,0xa8,0xaa,0xaa,0x0a,0x00,0x00,0x00,0x00,0x00,0x00,0x00,0x00,0x00,0x00,0x00,0x00,0x00,
  0x00,0x00,0x00,0x00,0x00,0x00,0x00,0x00,0x00,0x00,0x00,0x00,0x00,0x50,0x55,0x55,0x55,0x01,0x00,0x00,0x00,0x00,0x00,0x00,0x00,0x00,0x00,0x00,0x00,0x00,
  0x00,0x00,0x00,0x00,0x00,0x00,0x00,0x00,0x00,0x00,0x00,0x00,0x00,0xa8,0xaa,0xaa,0xaa,0x0a,0x00,0x00,0x00,0x00,0x00,0x00,0x00,0x00,0x00,0x00,0x00,0x00,
  0x00,0x00,0x00,0x00,0x00,0x00,0x00,0x00,0x00,0x00,0x00,0x00,0x00,0x50,0x55,0x55,0x55,0x15,0x00,0x00,0x00,0x00,0x00,0x00,0x00,0x00,0x00,0x00,0x00,0x00,
  0x00,0x00,0x00,0x00,0x00,0x00,0x00,0x00,0x00,0x00,0x00,0x00,0x00,0xa8,0xaa,0xaa,0xaa,0xaa,0x00,0x00,0x00,0x00,0x00,0x00,0x00,0x00,0x00,0x00,0x00,0x00,
  0x00,0x00,0x00,0x00,0x00,0x00,0x00,0x00,0x00,0x00,0x00,0x00,0x00,0x50,0x55,0x55,0x55,0x55,0x05,0x00,0x00,0x00,0x00,0x00,0x00,0x00,0x00,0x00,0x00,0x00,
  0x00,0x00,0x00,0x00,0x00,0x00,0x00,0x00,0x00,0x00,0x00,0x00,0x00,0xa8,0xaa,0xaa,0xaa,0xaa,0x0a,0x00,0x00,0x00,0x00,0x00,0x00,0x00,0x00,0x00,0x00,0x00,
  0x00,0x00,0x00,0x00,0x00,0x00,0x00,0x00,0x00,0x00,0x00,0x00,0x00,0x50,0x55,0x55,0x55,0x55,0x15,0x00,0x00,0x00,0x00,0x00,0x00,0x00,0x00,0x00,0x00,0x00,
  0x00,0x00,0x00,0x00,0x00,0x00,0x00,0x00,0x00,0x00,0x00,0x00,0x00,0xa8,0xaa,0xaa,0xaa,0xaa,0xaa,0x00,0x00,0x00,0x00,0x00,0x00,0x00,0x00,0x00,0x00,0x00,
  0x00,0x00,0x00,0x00,0x00,0x00,0x00,0x00,0x00,0x00,0x00,0x00,0x00,0x50,0x55,0x55,0x55,0x55,0x55,0x01,0x00,0x00,0x00,0x00,0x00,0x00,0x00,0x00,0x00,0x00,
  0x00,0x00,0x00,0x00,0x00,0x00,0x00,0x00,0x00,0x00,0x00,0x00,0x00,0xa8,0xaa,0xaa,0xaa,0xaa,0xaa,0x02,0x00,0x00,0x00,0x00,0x00,0x00,0x00,0x00,0x00,0x00,
  0x00,0x00,0x00,0x00,0x00,0x00,0x00,0x00,0x00,0x00,0x04,0x00,0x00,0x50,0x55,0x55,0x55,0x55,0x55,0x05,0x00,0x00,0x00,0x00,0x00,0x00,0x00,0x00,0x00,0x00,
  0x00,0x00,0x00,0x00,0x00,0x00,0x00,0x00,0x00,0x00,0x06,0x00,0x00,0xa8,0xaa,0xaa,0xaa,0xaa,0xaa,0x0a,0x00,0x00,0x00,0x00,0x00,0x00,0x00,0x00,0x00,0x00,
  0x00,0x00,0x00,0x00,0x00,0x00,0x00,0x00,0x00,0x00,0x07,0x00,0x00,0x50,0x55,0x55,0x55,0x55,0x55,0x55,0x00,0x00,0x00,0x00,0x00,0x00,0x00,0x00,0x00,0x00,
  0x00,0x00,0x00,0x00,0x00,0x00,0x00,0x00,0x00,0x80,0x07,0x00,0x00,0xa8,0xaa,0xaa,0xaa,0xaa,0xaa,0xaa,0x00,0x00,0x00,0x00,0x00,0x00,0x00,0x00,0x00,0x00,
  0x00,0x00,0x00,0x00,0x00,0x00,0x00,0x00,0x00,0xc0,0x07,0x00,0x00,0x50,0x55,0x55,0x55,0x55,0x55,0x55,0x01,0x00,0x00,0x00,0x00,0x00,0x00,0x00,0x00,0x00,
  0x00,0x00,0x00,0x00,0x00,0x00,0x00,0x00,0x00,0xe0,0x07,0x00,0x00,0xa8,0xaa,0xaa,0xaa,0xaa,0xaa,0xaa,0x02,0x00,0x00,0x00,0x00,0x00,0x00,0x00,0x00,0x00,
  0x00,0x00,0x00,0x00,0x00,0x00,0x00,0x00,0x00,0xf0,0x07,0x00,0x00,0x50,0x55,0x55,0x55,0x55,0x55,0x55,0x05,0x00,0x00,0x00,0x00,0x00,0x00,0x00,0x00,0x00,
  0x00,0x00,0x00,0x00,0x00,0x00,0x00,0x00,0x00,0xf8,0x07,0x00,0x00,0xa8,0xaa,0xaa,0xaa,0xaa,0xaa,0xaa,0x0a,0x00,0x00,0x00,0x00,0x00,0x00,0x00,0x00,0x00,
  0x00,0x00,0x00,0x00,0x00,0x00,0x00,0x00,0x00,0xfc,0x07,0x00,0x00,0x50,0x55,0x55,0x55,0x55,0x55,0x55,0x15,0x00,0x00,0x00,0x00,0x00,0x00,0x00,0x00,0x00,
  0x00,0x00,0x00,0x00,0x00,0x00,0x00,0x00,0x00,0xfe,0x07,0x00,0x00,0xa8,0xaa,0xaa,0xaa,0xaa,0xaa,0xaa,0x2a,0x00,0x00,0x00,0x00,0x00,0x00,0x00,0x00,0x00,
  0x00,0x00,0x00,0x00,0x00,0x00,0x00,0x00,0x00,0xff,0x07,0x00,0x00,0x50,0x55,0x55,0x55,0x55,0x55,0x55,0x15,0x00,0x00,0x00,0x00,0x00,0x00,0x00,0x00,0x00,
  0x00,0x00,0x00,0x00,0x00,0x00,0x00,0x00,0x00,0xff,0x07,0x00,0x00,0xa8,0xaa,0xaa,0xaa,0xaa,0xaa,0xaa,0x2a,0x00,0x00,0x00,0x00,0x00,0x00,0x00,0x00,0x00,
  0x00,0x00,0x00,0x00,0x00,0x00,0x00,0x00,0x80,0xff,0x07,0x00,0x00,0x50,0x55,0x55,0x55,0x55,0x55,0x55,0x55,0x00,0x00,0x00,0x00,0x00,0x00,0x00,0x00,0x00,
  0x00,0x00,0x00,0x00,0x00,0x00,0x00,0x00,0xc0,0xff,0x07,0x00,0x00,0xa8,0xaa,0xaa,0xaa,0xaa,0xaa,0xaa,0xaa,0x00,0x00,0x00,0x00,0x00,0x00,0x00,0x00,0x00,
  0x00,0x00,0x00,0x00,0x00,0x00,0x00,0x00,0xe0,0xff,0x07,0x00,0x00,0x50,0x55,0x55,0x55,0x55,0x55,0x55,0x55,0x01,0x00,0x00,0x00,0x00,0x00,0x00,0x00,0x00,
  0x00,0x00,0x00,0x00,0x00,0x00,0x00,0x00,0xe0,0xff,0x07,0x00,0x00,0xa8,0xaa,0x2a,0x00,0xaa,0xaa,0xaa,0xaa,0x02,0x00,0x00,0x00,0x00,0x00,0x00,0x00,0x00,
  0x00,0x00,0x00,0x00,0x00,0x00,0x00,0x00,0xf0,0xff,0x07,0x00,0x00,0x50,0x55,0x01,0x00,0x40,0x55,0x55,0x55,0x05,0x00,0x00,0x00,0x00,0x00,0x00,0x00,0x00,
  0x00,0x00,0x00,0x00,0x00,0x00,0x00,0x00,0xf0,0xff,0x07,0x00,0x00,0xa8,0xaa,0x00,0x00,0x80,0xaa,0xaa,0xaa,0x02,0x00,0x00,0x00,0x00,0x00,0x00,0x00,0x00,
  0x00,0x00,0x00,0x00,0x00,0x00,0x00,0x00,0xf8,0xff,0x07,0x00,0x00,0x50,0x15,0x00,0x00,0x00,0x54,0x55,0x55,0x05,0x00,0x00,0x00,0x00,0x00,0x00,0x00,0x00,
  0x00,0x00,0x00,0x00,0x00,0x00,0x00,0x00,0xfc,0xff,0x07,0x00,0x00,0xa8,0x0a,0x00,0x00,0x00,0xa8,0xaa,0xaa,0x0a,0x00,0x00,0x00,0x00,0x00,0x00,0x00,0x00,
  0x00,0x00,0x00,0x00,0x00,0x00,0x00,0x00,0xfc,0xff,0x07,0x00,0x00,0x50,0x01,0x00,0x00,0x00,0x50,0x55,0x55,0x15,0x00,0x00,0x00,0x00,0x00,0x00,0x00,0x00,
  0x00,0x00,0x00,0x00,0x00,0x00,0x00,0x00,0xfe,0xff,0x07,0x00,0x00,0xa8,0x00,0x00,0x00,0x00,0xa0,0xaa,0xaa,0x2a,0x00,0x00,0x00,0x00,0x00,0x00,0x00,0x00,
  0x00,0x00,0x00,0x00,0x00,0x00,0x00,0x00,0xfe,0xff,0x07,0x00,0x00,0x50,0x00,0x00,0x00,0x00,0x40,0x55,0x55,0x15,0x00,0x00,0x00,0x00,0x00,0x00,0x00,0x00,
  0x00,0x00,0x00,0x00,0x00,0x00,0x00,0x00,0xff,0xff,0x07,0x00,0x00,0x28,0x00,0x00,0x00,0x00,0x80,0xaa,0xaa,0x2a,0x00,0x00,0x00,0x00,0x00,0x00,0x00,0x00,
  0x00,0x00,0x00,0x00,0x00,0x00,0x00,0x00,0xff,0xff,0x07,0x00,0x00,0x10,0x00,0x00,0x00,0x00,0x00,0x55,0x55,0x55,0x00,0x00,0x00,0x00,0x00,0x00,0x00,0x00,
  0x00,0x00,0x00,0x00,0x00,0x00,0x00,0x00,0xff,0xff,0x07,0x00,0x00,0x08,0x00,0x00,0x00,0x00,0x00,0xaa,0xaa,0x2a,0x00,0x00,0x00,0x00,0x00,0x00,0x00,0x00,
  0x00,0x00,0x00,0x00,0x00,0x00,0x00,0x80,0xff,0xff,0x07,0x00,0x00,0x00,0x00,0x00,0x00,0x00,0x00,0x55,0x55,0x55,0x00,0x00,0x00,0x00,0x00,0x00,0x00,0x00,
  0x00,0x00,0x00,0x00,0x00,0x00,0x00,0x80,0xff,0xff,0x07,0x00,0x00,0x00,0x00,0x00,0x00,0x00,0x00,0xaa,0xaa,0xaa,0x00,0x00,0x00,0x00,0x00,0x00,0x00,0x00,
  0x00,0x00,0x00,0x00,0x00,0x00,0x00,0xc0,0xff,0xff,0x07,0x00,0x00,0x00,0x00,0x00,0x00,0x00,0x00,0x54,0x55,0x55,0x01,0x00,0x00,0x00,0x00,0x00,0x00,0x00,
  0x00,0x00,0x00,0x00,0x00,0x00,0x00,0xc0,0xff,0xff,0x07,0x00,0x00,0x00,0x00,0x00,0x00,0x00,0x00,0xa8,0xaa,0xaa,0x00,0x00,0x00,0x00,0x00,0x00,0x00,0x00,
  0x00,0x00,0x00,0x00,0x00,0x00,0x00,0xc0,0xff,0xff,0x07,0x00,0x00,0x00,0x00,0x00,0x00,0x00,0x00,0x54,0x55,0x55,0x01,0x00,0x00,0x00,0x00,0x00,0x00,0x00,
  0x00,0x00,0x00,0x00,0x00,0x00,0x00,0xe0,0xff,0xff,0x07,0x00,0x00,0x00,0x00,0x00,0x00,0x00,0x00,0xa8,0xaa,0xaa,0x02,0x00,0x00,0x00,0x00,0x00,0x00,0x00,
  0x00,0x00,0x00,0x00,0x00,0x00,0x00,0xe0,0xff,0xff,0x07,0x00,0x00,0x00,0x00,0x00,0x00,0x00,0x00,0x50,0x55,0x55,0x01,0x00,0x00,0x00,0x00,0x00,0x00,0x00,
  0x00,0x00,0x00,0x00,0x00,0x00,0x00,0xe0,0xff,0xff,0x07,0x00,0x00,0x00,0x00,0x00,0x00,0x00,0x00,0xa8,0xaa,0xaa,0x02,0x00,0x00,0x00,0x00,0x00,0x00,0x00,
  0x00,0x00,0x00,0x00,0x00,0x00,0x00,0xe0,0xff,0xff,0x07,0x00,0x00,0x00,0x00,0x00,0x00,0x00,0x00,0x50,0x55,0x55,0x01,0x00,0x00,0x00,0x00,0x00,0x00,0x00,
  0x00,0x00,0x00,0x00,0x00,0x00,0x00,0xf0,0xff,0xff,0x07,0x00,0x00,0x00,0xe0,0x0f,0x00,0x00,0x00,0xa8,0xaa,0xaa,0x02,0x00,0x00,0x00,0x00,0x00,0x00,0x00,
  0x00,0x00,0x00,0x00,0x00,0x00,0x00,0xf0,0xff,0xff,0x07,0x00,0x00,0x00,0xfe,0x3f,0x00,0x00,0x00,0x50,0x55,0x55,0x05,0x00,0x00,0x00,0x00,0x00,0x00,0x00,
  0x00,0x00,0x00,0x00,0x00,0x00,0x00,0xf0,0xff,0xff,0x07,0x00,0x00,0x80,0xff,0xff,0x00,0x00,0x00,0xa0,0xaa,0xaa,0x02,0x00,0x00,0x00,0x00,0x00,0x00,0x00,
  0x00,0x00,0x00,0x00,0x00,0x00,0x00,0xf0,0xff,0xff,0x07,0x00,0x00,0xe0,0xff,0xff,0x01,0x00,0x00,0x50,0x55,0x55,0x05,0x00,0x00,0x00,0x00,0x00,0x00,0x00,
  0x00,0x00,0x00,0x00,0x00,0x00,0x00,0xf0,0xff,0xff,0x07,0x00,0x00,0xf0,0xff,0xff,0x01,0x00,0x00,0xa0,0xaa,0xaa,0x02,0x00,0x00,0x00,0x00,0x00,0x00,0x00,
  0x00,0x00,0x00,0x00,0x00,0x00,0x00,0xf0,0xff,0xff,0x07,0x00,0x00,0xf8,0xff,0xff,0x03,0x00,0x00,0x50,0x55,0x55,0x05,0x00,0x00,0x00,0x00,0x00,0x00,0x00,
  0x00,0x00,0x00,0x00,0x00,0x00,0x00,0xf8,0xff,0xff,0x07,0x00,0x00,0xf8,0xff,0xff,0x03,0x00,0x00,0xa0,0xaa,0xaa,0x0a,0x00,0x00,0x00,0x00,0x00,0x00,0x00,
  0x00,0x00,0x00,0x00,0x00,0x00,0x00,0xf8,0xff,0xff,0x07,0x00,0x00,0xf8,0xff,0xff,0x07,0x00,0x00,0x50,0x55,0x55,0x05,0x00,0x00,0x00,0x00,0x00,0x00,0x00,
  0x00,0x00,0x00,0x00,0x00,0x00,0x00,0xf8,0xff,0xff,0x07,0x00,0x00,0xf8,0xff,0xff,0x07,0x00,0x00,0xa0,0xaa,0xaa,0x0a,0x00,0x00,0x00,0x00,0x00,0x00,0x00,
  0x00,0x00,0x00,0x00,0x00,0x00,0x00,0xf8,0xff,0xff,0x07,0x00,0x00,0xf8,0xff,0xff,0x07,0x00,0x00,0x50,0x55,0x55,0x05,0x00,0x00,0x00,0x00,0x00,0x00,0x00,
  0x00,0x00,0x00,0x00,0x00,0x00,0x00,0xf8,0xff,0xff,0x07,0x00,0x00,0xf8,0xff,0xff,0x07,0x00,0x00,0xa0,0xaa,0xaa,0x0a,0x00,0x00,0x00,0x00,0x00,0x00,0x00,
  0x00,0x00,0x00,0x00,0x00,0x00,0x00,0xf8,0xff,0xff,0x07,0x00,0x00,0xf8,0xff,0xff,0x0f,0x00,0x00,0x50,0x55,0x55,0x05,0x00,0x00,0x00,0x00,0x00,0x00,0x00,
  0x00,0x00,0x00,0x00,0x00,0x00,0x00,0xf8,0xff,0xff,0x07,0x00,0x00,0xf8,0xff,0xff,0x0f,0x00,0x00,0xa0,0xaa,0xaa,0x0a,0x00,0x00,0x00,0x00,0x00,0x00,0x00,
  0x00,0x00,0x00,0x00,0x00,0x00,0x00,0xf8,0xff,0xff,0x07,0x00,0x00,0xf8,0xff,0xff,0x0f,0x00,0x00,0x50,0x55,0x55,0x05,0x00,0x00,0x00,0x00,0x00,0x00,0x00,
  0x00,0x00,0x00,0x00,0x00,0x00,0x00,0xf8,0xff,0xff,0x07,0x00,0x00,0xf8,0xff,0xff,0x0f,0x00,0x00,0xa0,0xaa,0xaa,0x0a,0x00,0x00,0x00,0x00,0x00,0x00,0x00,
  0x00,0x00,0x00,0x00,0x00,0x00,0x00,0xf8,0xff,0xff,0x07,0x00,0x00,0xf8,0xff,0xff,0x0f,0x00,0x00,0x50,0x55,0x55,0x05,0x00,0x00,0x00,0x00,0x00,0x00,0x00,
  0x00,0x00,0x00,0x00,0x00,0x00,0x00,0xf8,0xff,0xff,0x07,0x00,0x00,0xf8,0xff,0xff,0x0f,0x00,0x00,0xa0,0xaa,0xaa,0x0a,0x00,0x00,0x00,0x00,0x00,0x00,0x00,
  0x00,0x00,0x00,0x00,0x00,0x00,0x00,0xf8,0xff,0xff,0x07,0x00,0x00,0xf8,0xff,0xff,0x0f,0x00,0x00,0x50,0x55,0x55,0x05,0x00,0x00,0x00,0x00,0x00,0x00,0x00,
  0x00,0x00,0x00,0x00,0x00,0x00,0x00,0xf8,0xff,0xff,0x07,0x00,0x00,0xf8,0xff,0xff,0x0f,0x00,0x00,0xa0,0xaa,0xaa,0x0a,0x00,0x00,0x00,0x00,0x00,0x00,0x00,
  0x00,0x00,0x00,0x00,0x00,0x00,0x00,0xf8,0xff,0xff,0x0f,0x00,0x00,0xf8,0xff,0xff,0x0f,0x00,0x00,0x50,0x55,0x55,0x05,0x00,0x00,0x00,0x00,0x00,0x00,0x00,
  0x00,0x00,0x00,0x00,0x00,0x00,0x00,0xf8,0xff,0xff,0x0f,0x00,0x00,0xf8,0xff,0xff,0x0f,0x00,0x00,0xa0,0xaa,0xaa,0x0a,0x00,0x00,0x00,0x00,0x00,0x00,0x00,
  0x00,0x00,0x00,0x00,0x00,0x00,0x00,0xf0,0xff,0xff,0x0f,0x00,0x00,0xf8,0xff,0xff,0x0f,0x00,0x00,0x50,0x55,0x55,0x05,0x00,0x00,0x00,0x00,0x00,0x00,0x00,
  0x00,0x00,0x00,0x00,0x00,0x00,0x00,0xf0,0xff,0xff,0x0f,0x00,0x00,0xf8,0xff,0xff,0x0f,0x00,0x00,0xa0,0xaa,0xaa,0x0a,0x00,0x00,0x00,0x00,0x00,0x00,0x00,
  0x00,0x00,0x00,0x00,0x00,0x00,0x00,0xf0,0xff,0xff,0x1f,0x00,0x00,0xf8,0xff,0xff,0x0f,0x00,0x00,0x50,0x55,0x55,0x05,0x00,0x00,0x00,0x00,0x00,0x00,0x00,
  0x00,0x00,0x00,0x00,0x00,0x00,0x00,0xf0,0xff,0xff,0x1f,0x00,0x00,0xf8,0xff,0xff,0x0f,0x00,0x00,0xa0,0xaa,0xaa,0x0a,0x00,0x00,0x00,0x00,0x00,0x00,0x00,
  0x00,0x00,0x00,0x00,0x00,0x00,0x00,0xf0,0xff,0xff,0x1f,0x00,0x00,0xf8,0xff,0xff,0x0f,0x00,0x00,0x50,0x55,0x55,0x05,0x00,0x00,0x00,0x00,0x00,0x00,0x00,
  0x00,0x00,0x00,0x00,0x00,0x00,0x00,0xf0,0xff,0xff,0x3f,0x00,0x00,0xf8,0xff,0xff,0x0f,0x00,0x00,0xa0,0xaa,0xaa,0x0a,0x00,0x00,0x00,0x00,0x00,0x00,0x00,
  0x00,0x00,0x00,0x00,0x00,0x00,0x00,0xe0,0xff,0xff,0x3f,0x00,0x00,0xf8,0xff,0xff,0x0f,0x00,0x00,0x50,0x55,0x55,0x05,0x00,0x00,0x00,0x00,0x00,0x00,0x00,
  0x00,0x00,0x00,0x00,0x00,0x00,0x00,0xe0,0xff,0xff,0x3f,0x00,0x00,0xf8,0xff,0xff,0x0f,0x00,0x00,0xa0,0xaa,0xaa,0x0a,0x00,0x00,0x00,0x00,0x00,0x00,0x00,
  0x00,0x00,0x00,0x00,0x00,0x00,0x00,0xe0,0xff,0xff,0x7f,0x00,0x00,0xf8,0xff,0xff,0x0f,0x00,0x00,0x50,0x55,0x55,0x05,0x00,0x00,0x00,0x00,0x00,0x00,0x00,
  0x00,0x00,0x00,0x00,0x00,0x00,0x00,0xe0,0xff,0xff,0x7f,0x00,0x00,0xf8,0xff,0xff,0x0f,0x00,0x00,0xa0,0xaa,0xaa,0x0a,0x00,0x00,0x00,0x00,0x00,0x00,0x00,
  0x00,0x00,0x00,0x00,0x00,0x00,0x00,0xc0,0xff,0xff,0xff,0x00,0x00,0xf8,0xff,0xff,0x0f,0x00,0x00,0x50,0x55,0x55,0x05,0x00,0x00,0x00,0x00,0x00,0x00,0x00,
  0x00,0x00,0x00,0x00,0x00,0x00,0x00,0xc0,0xff,0xff,0xff,0x00,0x00,0xf8,0xff,0xff,0x0f,0x00,0x00,0xa0,0xaa,0xaa,0x0a,0x00,0x00,0x00,0x00,0x00,0x00,0x00,
  0x00,0x00,0x00,0x00,0x00,0x00,0x00,0xc0,0xff,0xff,0xff,0x01,0x00,0xf8,0xff,0xff,0x0f,0x00,0x00,0x50,0x55,0x55,0x05,0x00,0x00,0x00,0x00,0x00,0x00,0x00,
  0x00,0x00,0x00,0x00,0x00,0x00,0x00,0x80,0xff,0xff,0xff,0x03,0x00,0xf8,0xff,0xff,0x0f,0x00,0x00,0xa0,0xaa,0xaa,0x0a,0x00,0x00,0x00,0x00,0x00,0x00,0x00,
  0x00,0x00,0x00,0x00,0x00,0x00,0x00,0x80,0xff,0xff,0xff,0x07,0x00,0xf8,0xff,0xff,0x0f,0x00,0x00,0x50,0x55,0x55,0x05,0x00,0x00,0x00,0x00,0x00,0x00,0x00,
  0x00,0x00,0x00,0x00,0x00,0x00,0x00,0x00,0xff,0xff,0xff,0x07,0x00,0xf8,0xff,0xff,0x0f,0x00,0x00,0xa0,0xaa,0xaa,0x0a,0x00,0x00,0x00,0x00,0x00,0x00,0x00,
  0x00,0x00,0x00,0x00,0x00,0x00,0x00,0x00,0xff,0xff,0xff,0x0f,0x00,0xf8,0xff,0xff,0x0f,0x00,0x00,0x50,0x55,0x55,0x05,0x00,0x00,0x00,0x00,0x00,0x00,0x00,
  0x00,0x00,0x00,0x00,0x00,0x00,0x00,0x00,0xff,0xff,0xff,0x1f,0x00,0xf8,0xff,0xff,0x0f,0x00,0x00,0xa0,0xaa,0xaa,0x0a,0x00,0x00,0x00,0x00,0x00,0x00,0x00,
  0x00,0x00,0x00,0x00,0x00,0x00,0x00,0x00,0xfe,0xff,0xff,0x3f,0x00,0xf8,0xff,0xff,0x0f,0x00,0x00,0x50,0x55,0x55,0x05,0x00,0x00,0x00,0x00,0x00,0x00,0x00,
  0x00,0x00,0x00,0x00,0x00,0x00,0x00,0x00,0xfe,0xff,0xff,0x7f,0x00,0xf8,0xff,0xff,0x0f,0x00,0x00,0xa0,0xaa,0xaa,0x0a,0x00,0x00,0x00,0x00,0x00,0x00,0x00,
  0x00,0x00,0x00,0x00,0x00,0x00,0x00,0x00,0xfc,0xff,0xff,0xff,0x00,0xf8,0xff,0xff,0x0f,0x00,0x00,0x50,0x55,0x55,0x05,0x00,0x00,0x00,0x00,0x00,0x00,0x00,
  0x00,0x00,0x00,0x00,0x00,0x00,0x00,0x00,0xfc,0xff,0xff,0xff,0x03,0xf8,0xff,0xff,0x0f,0x00,0x00,0xa0,0xaa,0xaa,0x0a,0x00,0x00,0x00,0x00,0x00,0x00,0x00,
  0x00,0x00,0x00,0x00,0x00,0x00,0x00,0x00,0xf8,0xff,0xff,0xff,0x07,0xf8,0xff,0xff,0x0f,0x00,0x00,0x50,0x55,0x55,0x05,0x00,0x00,0x00,0x00,0x00,0x00,0x00,
  0x00,0x00,0x00,0x00,0x00,0x00,0x00,0x00,0xf0,0xff,0xff,0xff,0x0f,0xf8,0xff,0xff,0x0f,0x00,0x00,0xa0,0xaa,0xaa,0x0a,0x00,0x00,0x00,0x00,0x00,0x00,0x00,
  0x00,0x00,0x00,0x00,0x00,0x00,0x00,0x00,0xf0,0xff,0xff,0xff,0x3f,0xf8,0xff,0xff,0x0f,0x00,0x00,0x50,0x55,0x55,0x05,0x00,0x00,0x00,0x00,0x00,0x00,0x00,
  0x00,0x00,0x00,0x00,0x00,0x00,0x00,0x00,0xe0,0xff,0xff,0xff,0xff,0xf8,0xff,0xff,0x0f,0x00,0x00,0xa0,0xaa,0xaa,0x0a,0x00,0x00,0x00,0x00,0x00,0x00,0x00,
  0x00,0x00,0x00,0x00,0x00,0x00,0x00,0x00,0xe0,0xff,0xff,0xff,0xff,0xfb,0xff,0xff,0x0f,0x00,0x00,0x50,0x55,0x55,0x05,0x00,0x00,0x00,0x00,0x00,0x00,0x00,
  0x00,0x00,0x00,0x00,0x00,0x00,0x00,0x00,0xc0,0xff,0xff,0xff,0xff,0xff,0xff,0xff,0x0f,0x00,0x00,0xa0,0xaa,0xaa,0x0a,0x00,0x00,0x00,0x00,0x00,0x00,0x00,
  0x00,0x00,0x00,0x00,0x00,0x00,0x00,0x00,0x80,0xff,0xff,0xff,0xff,0xff,0xff,0xff,0x0f,0x00,0x00,0x50,0x55,0x55,0x05,0x00,0x00,0x00,0x00,0x00,0x00,0x00,
  0x00,0x00,0x00,0x00,0x00,0x00,0x00,0x00,0x00,0xff,0xff,0xff,0xff,0xff,0xff,0xff,0x0f,0x00,0x00,0xa0,0xaa,0xaa,0x0a,0x00,0x00,0x00,0x00,0x00,0x00,0x00,
  0x00,0x00,0x00,0x00,0x00,0x00,0x00,0x00,0x00,0xff,0xff,0xff,0xff,0xff,0xff,0xff,0x0f,0x00,0x00,0x50,0x55,0x55,0x05,0x00,0x00,0x00,0x00,0x00,0x00,0x00,
  0x00,0x00,0x00,0x00,0x00,0x00,0x00,0x00,0x00,0xfe,0xff,0xff,0xff,0xff,0xff,0xff,0x0f,0x00,0x00,0xa0,0xaa,0xaa,0x0a,0x00,0x00,0x00,0x00,0x00,0x00,0x00,
  0x00,0x00,0x00,0x00,0x00,0x00,0x00,0x00,0x00,0xfc,0xff,0xff,0xff,0xff,0xff,0xff,0x0f,0x00,0x00,0x50,0x55,0x55,0x05,0x00,0x00,0x00,0x00,0x00,0x00,0x00,
  0x00,0x00,0x00,0x00,0x00,0x00,0x00,0x00,0x00,0xf8,0xff,0xff,0xff,0xff,0xff,0xff,0x0f,0x00,0x00,0xa0,0xaa,0xaa,0x0a,0x00,0x00,0x00,0x00,0x00,0x00,0x00,
  0x00,0x00,0x00,0x00,0x00,0x00,0x00,0x00,0x00,0xf0,0xff,0xff,0xff,0xff,0xff,0xff,0x0f,0x00,0x00,0x50,0x55,0x55,0x05,0x00,0x00,0x00,0x00,0x00,0x00,0x00,
  0x00,0x00,0x00,0x00,0x00,0x00,0x00,0x00,0x00,0xe0,0xff,0xff,0xff,0xff,0xff,0xff,0x0f,0x00,0x00,0xa0,0xaa,0xaa,0x0a,0x00,0x00,0x00,0x00,0x00,0x00,0x00,
  0x00,0x00,0x00,0x00,0x00,0x00,0x00,0x00,0x00,0xc0,0xff,0xff,0xff,0xff,0xff,0xff,0x0f,0x00,0x00,0x50,0x55,0x55,0x05,0x00,0x00,0x00,0x00,0x00,0x00,0x00,
  0x00,0x00,0x00,0x00,0x00,0x00,0x00,0x00,0x00,0x80,0xff,0xff,0xff,0xff,0xff,0xff,0x0f,0x00,0x00,0xa0,0xaa,0xaa,0x0a,0x00,0x00,0x00,0x00,0x00,0x00,0x00,
  0x00,0x00,0x00,0x00,0x00,0x00,0x00,0x00,0x00,0x00,0xff,0xff,0xff,0xff,0xff,0xff,0x0f,0x00,0x00,0x50,0x55,0x55,0x05,0x00,0x00,0x00,0x00,0x00,0x00,0x00,
  0x00,0x00,0x00,0x00,0x00,0x00,0x00,0x00,0x00,0x00,0xfe,0xff,0xff,0xff,0xff,0xff,0x0f,0x00,0x00,0xa0,0xaa,0xaa,0x0a,0x00,0x00,0x00,0x00,0x00,0x00,0x00,
  0x00,0x00,0x00,0x00,0x00,0x00,0x00,0x00,0x00,0x00,0xf8,0xff,0xff,0xff,0xff,0xff,0x0f,0x00,0x00,0x50,0x55,0x55,0x05,0x00,0x00,0x00,0x00,0x00,0x00,0x00,
  0x00,0x00,0x00,0x00,0x00,0x00,0x00,0x00,0x00,0x00,0xf0,0xff,0xff,0xff,0xff,0xff,0x0f,0x00,0x00,0xa0,0xaa,0xaa,0x0a,0x00,0x00,0x00,0x00,0x00,0x00,0x00,
  0x00,0x00,0x00,0x00,0x00,0x00,0x00,0x00,0x00,0x00,0xe0,0xff,0xff,0xff,0xff,0xff,0x0f,0x00,0x00,0x50,0x55,0x55,0x05,0x00,0x00,0x00,0x00,0x00,0x00,0x00,
  0x00,0x00,0x00,0x00,0x00,0x00,0x00,0x00,0x00,0x00,0x80,0xff,0xff,0xff,0xff,0xff,0x0f,0x00,0x00,0xa0,0xaa,0xaa,0x0a,0x00,0x00,0x00,0x00,0x00,0x00,0x00,
  0x00,0x00,0x00,0x00,0x00,0x00,0x00,0x00,0x00,0x00,0x00,0xfe,0xff,0xff,0xff,0xff,0x0f,0x00,0x00,0x50,0x55,0x55,0x05,0x00,0x00,0x00,0x00,0x00,0x00,0x00,
  0x00,0x00,0x00,0x00,0x00,0x00,0x00,0x00,0x00,0x00,0x00,0xfc,0xff,0xff,0xff,0xff,0x0f,0x00,0x00,0xa0,0xaa,0xaa,0x0a,0x00,0x00,0x00,0x00,0x00,0x00,0x00,
  0x00,0x00,0x00,0x00,0x00,0x00,0x00,0x00,0x00,0x00,0x00,0xf0,0xff,0xff,0xff,0xff,0x0f,0x00,0x00,0x50,0x55,0x55,0x05,0x00,0x00,0x00,0x00,0x00,0x00,0x00,
  0x00,0x00,0x00,0x00,0x00,0x00,0x00,0x00,0x00,0x00,0x00,0xc0,0xff,0xff,0xff,0xff,0x0f,0x00,0x00,0xa0,0xaa,0xaa,0x0a,0x00,0x00,0x00,0x00,0x00,0x00,0x00,
  0x00,0x00,0x00,0x00,0x00,0x00,0x00,0x00,0x00,0x00,0x00,0x00,0xfe,0xff,0xff,0xff,0x0f,0x00,0x00,0x50,0x55,0x55,0x05,0x00,0x00,0x00,0x00,0x00,0x00,0x00,
  0x00,0x00,0x00,0x00,0x00,0x00,0x00,0x00,0x00,0x00,0x00,0x00,0xf8,0xff,0xff,0xff,0x0f,0x00,0x00,0xa0,0xaa,0xaa,0x0a,0x00,0x00,0x00,0x00,0x00,0x00,0x00,
  0x00,0x00,0x00,0x00,0x00,0x00,0x00,0x00,0x00,0x00,0x00,0x00,0xc0,0xff,0xff,0xff,0x0f,0x00,0x00,0x50,0x55,0x55,0x05,0x00,0x00,0x00,0x00,0x00,0x00,0x00,
  0x00,0x00,0x00,0x00,0x00,0x00,0x00,0x00,0x00,0x00,0x00,0x00,0x00,0xfc,0xff,0xff,0x0f,0x00,0x00,0xa0,0xaa,0xaa,0x0a,0x00,0x00,0x00,0x00,0x00,0x00,0x00,
  0x00,0x00,0x00,0x00,0x00,0x00,0x00,0x00,0x00,0x00,0x00,0x00,0x00,0x00,0xff,0x7f,0x00,0x00,0x00,0x50,0x55,0x55,0x05,0x00,0x00,0x00,0x00,0x00,0x00,0x00,
  0x00,0x00,0x00,0x00,0x00,0x00,0x00,0x00,0x00,0x00,0x00,0x00,0x00,0x00,0x00,0x00,0x00,0x00,0x00,0x00,0x00,0x00,0x00,0x00,0x00,0x00,0x00,0x00,0x00,0x00,
  0x00,0x00,0x00,0x00,0x00,0x00,0x00,0x00,0x00,0x00,0x00,0x00,0x00,0x00,0x00,0x00,0x00,0x00,0x00,0x00,0x00,0x00,0x00,0x00,0x00,0x00,0x00,0x00,0x00,0x00,
  0x00,0x00,0x00,0x00,0x00,0x00,0x00,0x00,0x00,0x00,0x00,0x00,0x00,0x00,0x00,0x00,0x00,0x00,0x00,0x00,0x00,0x00,0x00,0x00,0x00,0x00,0x00,0x00,0x00,0x00,
  0x00,0x00,0x00,0x00,0x00,0x00,0x00,0x00,0x00,0x00,0x00,0x00,0x00,0x00,0x00,0x00,0x00,0x00,0x00,0x00,0x00,0x00,0x00,0x00,0x00,0x00,0x00,0x00,0x00,0x00,
};
s_bitmap const ico_hotraco_groep = { 240, 128, bitmap_hotraco_groep };

//-----------------------------------------------------------------------------
unsigned char const bitmap_cogaszuid[] =
{
  0x00,0x00,0x00,0x00,0x00,0x00,0x00,0x00,0x00,0x00,0x00,0x00,0x00,0x00,0x00,0x00,0x00,0x00,0x00,0x00,0x00,0x00,0x00,0x00,0x00,0x00,0x00,0x00,0x00,0x00,
  0x00,0x00,0x00,0x00,0x00,0x00,0x00,0x00,0x00,0x00,0x00,0x00,0x00,0x00,0x00,0x00,0x00,0x00,0x00,0x00,0x00,0x00,0x00,0x00,0x00,0x00,0x00,0x00,0x00,0x00,
  0x00,0x00,0x00,0x00,0x00,0x00,0x00,0x00,0x00,0x00,0x00,0x00,0x00,0x00,0x00,0x00,0x00,0x00,0x00,0x00,0x00,0x00,0x00,0x00,0x00,0x00,0x00,0x00,0x00,0x00,
  0x00,0x00,0x00,0x00,0x00,0x00,0x00,0x00,0x00,0x00,0x00,0x00,0x00,0x00,0x00,0x00,0x00,0x00,0x00,0x00,0x00,0x00,0x00,0x00,0x00,0x00,0x00,0x00,0x00,0x00,
  0x00,0x00,0x00,0x00,0x00,0x00,0x00,0x00,0x00,0x00,0x00,0x00,0x00,0x00,0x00,0x00,0x00,0x00,0x00,0x00,0x00,0x00,0x00,0x00,0x00,0x00,0x00,0x00,0x00,0x00,
  0x00,0x00,0x00,0x00,0x00,0x00,0x00,0x00,0x00,0x00,0x00,0x00,0x00,0x00,0x00,0x00,0x00,0x00,0x00,0x00,0x00,0x00,0x00,0x00,0x00,0x00,0x00,0x00,0x00,0x00,
  0x00,0x00,0x00,0x00,0x00,0x00,0x00,0x00,0x00,0x00,0x00,0x00,0x00,0x00,0x00,0x00,0x00,0x00,0x00,0x00,0x00,0x00,0x00,0x00,0x00,0x00,0x00,0x00,0x00,0x00,
  0x00,0x00,0x00,0x00,0x00,0x00,0x00,0x00,0x00,0x00,0x00,0x00,0x00,0x00,0x00,0x00,0x00,0x00,0x00,0x00,0x00,0x00,0x00,0x00,0x00,0x00,0x00,0x00,0x00,0x00,
  0x00,0x00,0x00,0x00,0x00,0x00,0x00,0x00,0x00,0x00,0x00,0x00,0x00,0x00,0x00,0x00,0x00,0x00,0x00,0x00,0x00,0x00,0x00,0x00,0x00,0x00,0x00,0x00,0x00,0x00,
  0x00,0x00,0x00,0x00,0x00,0x00,0x00,0x00,0x00,0x00,0x00,0x00,0x00,0x00,0x00,0x00,0x00,0x00,0x00,0x00,0x00,0x00,0x00,0x00,0x00,0x00,0x00,0x00,0x00,0x00,
  0x00,0x00,0x00,0x00,0x00,0x00,0x00,0x00,0x00,0x00,0x00,0x00,0x00,0x00,0x00,0x00,0x00,0x00,0x00,0x00,0x00,0x00,0x00,0x00,0x00,0x00,0x00,0x00,0x00,0x00,
  0x00,0x00,0x00,0x00,0x00,0x00,0x00,0x00,0x00,0x00,0x00,0x00,0x00,0x00,0x00,0x00,0x00,0x00,0x00,0x00,0x00,0x00,0x00,0x00,0x00,0x00,0x00,0x00,0x00,0x00,
  0x00,0x00,0x00,0x00,0x00,0x00,0x00,0x00,0x00,0x00,0x00,0x00,0x00,0x00,0x00,0x00,0x00,0x00,0x00,0x00,0x00,0x00,0x00,0x00,0x00,0x00,0x00,0x00,0x00,0x00,
  0x00,0x00,0x00,0x00,0x00,0x00,0x00,0x00,0x00,0x00,0x00,0x00,0x00,0x00,0x00,0x00,0x00,0x00,0x00,0x00,0x00,0x00,0x00,0x00,0x00,0x00,0x00,0x00,0x00,0x00,
  0x00,0x00,0x00,0x00,0x00,0x00,0x00,0x00,0x00,0x00,0x00,0x00,0x00,0x00,0x00,0x00,0x00,0x00,0x00,0x00,0x00,0x00,0x00,0x00,0x00,0x00,0x00,0x00,0x00,0x00,
  0x00,0x00,0x00,0x00,0x00,0x00,0x00,0x00,0x00,0x00,0x00,0x00,0x00,0x00,0x00,0x00,0x00,0x00,0x00,0x00,0x00,0x00,0x00,0x00,0x00,0x00,0x00,0x00,0x00,0x00,
  0x00,0x00,0x00,0x00,0x00,0x00,0x00,0x00,0x00,0x00,0x00,0x00,0x00,0x00,0x00,0x00,0x00,0x00,0x00,0x00,0x00,0x00,0x00,0x00,0x00,0x00,0x00,0x00,0x00,0x00,
  0x00,0x00,0x00,0x00,0x00,0x00,0x00,0x00,0x00,0x00,0x00,0x00,0x00,0x00,0x00,0x00,0x00,0x00,0x00,0x00,0x00,0x00,0x00,0x00,0x00,0x00,0x00,0x00,0x00,0x00,
  0x00,0x00,0x00,0x00,0x00,0x00,0x00,0x00,0x00,0x00,0x00,0x00,0x00,0x00,0x00,0x00,0x00,0x00,0x00,0x00,0x00,0x00,0x00,0x00,0x00,0x00,0x00,0x00,0x00,0x00,
  0x00,0x00,0x00,0x00,0x00,0x00,0x00,0x00,0x00,0x00,0x00,0x00,0x00,0x00,0x00,0x00,0x00,0x00,0x00,0x00,0x00,0x00,0x00,0x00,0x00,0x00,0x00,0x00,0x00,0x00,
  0x00,0x00,0x00,0x00,0x00,0x00,0x00,0x00,0x00,0x00,0x00,0x00,0x00,0x00,0x00,0x00,0x00,0x00,0x00,0x00,0x00,0x00,0x00,0x00,0x00,0x00,0x00,0x00,0x00,0x00,
  0x00,0x00,0x00,0x00,0x00,0x00,0x00,0x00,0x00,0x00,0x00,0x00,0x00,0x00,0x00,0x00,0x00,0x00,0x00,0x00,0x00,0x00,0x00,0x00,0x00,0x00,0x00,0x00,0x00,0x00,
  0x00,0x00,0x00,0x00,0x00,0x00,0x00,0x00,0x00,0x00,0x00,0x00,0x00,0x00,0x00,0x00,0x00,0x00,0x00,0x00,0x00,0x00,0x00,0x00,0x00,0x00,0x00,0x00,0x00,0x00,
  0x00,0x00,0x00,0x00,0x00,0x00,0x00,0x00,0x00,0x00,0x00,0x00,0x00,0x00,0x00,0x00,0x00,0x00,0x00,0x00,0x00,0x00,0x00,0x00,0x00,0x00,0x00,0x00,0x00,0x00,
  0x00,0x00,0x00,0x00,0x00,0x00,0x00,0x00,0x00,0x00,0x00,0x00,0x00,0x00,0x00,0x00,0x00,0x00,0x00,0x00,0x00,0x00,0x00,0x00,0x00,0x00,0x00,0x00,0x00,0x00,
  0x00,0x00,0x00,0x00,0x00,0x00,0x00,0x00,0x00,0x00,0x00,0x00,0x00,0x00,0x00,0x00,0x00,0x00,0x00,0x00,0x00,0x00,0x00,0x00,0x00,0x00,0x00,0x00,0x00,0x00,
  0x00,0x00,0x00,0x00,0x00,0x00,0x00,0x00,0x00,0x00,0x00,0x00,0x00,0x00,0x00,0x00,0x00,0x00,0x00,0x00,0x00,0x00,0x00,0x00,0x00,0x00,0x00,0x00,0x00,0x00,
  0x00,0x00,0x00,0x00,0x00,0x00,0x00,0x00,0x00,0x00,0x00,0x00,0x00,0x00,0x00,0x00,0x00,0x00,0x00,0x00,0x00,0x00,0x00,0x00,0x00,0x00,0x00,0x00,0x00,0x00,
  0x00,0x00,0x00,0x00,0x00,0x00,0x00,0x00,0x00,0x00,0x00,0x00,0x00,0x00,0x00,0x00,0x00,0x00,0x00,0x00,0x00,0x00,0x00,0x00,0x00,0x00,0x00,0x00,0x00,0x00,
  0x00,0x00,0x00,0x00,0x00,0x00,0x00,0x00,0x00,0x00,0x00,0x00,0x00,0x00,0x00,0x00,0x00,0x00,0x00,0x00,0x00,0x00,0x00,0x00,0x00,0x00,0x00,0x00,0x00,0x00,
  0x00,0x00,0x00,0x00,0x00,0x00,0x00,0x00,0x00,0x00,0x00,0x00,0x00,0x00,0x00,0x00,0x00,0x00,0x00,0x00,0x00,0x00,0x00,0x00,0x00,0x00,0x00,0x00,0x00,0x00,
  0x00,0x00,0x00,0x00,0x00,0x00,0x00,0x00,0x00,0x00,0x00,0x00,0x00,0x00,0x00,0x00,0x00,0x00,0x00,0x00,0x00,0x00,0x00,0x00,0x00,0x00,0x00,0x00,0x00,0x00,
  0x00,0x00,0x00,0x00,0x00,0x00,0x00,0x00,0x00,0x44,0xc4,0x13,0x7d,0x0f,0xbc,0xf0,0xd2,0xf7,0x38,0x20,0x22,0xdf,0x7b,0xbe,0xe7,0x44,0x22,0xbd,0x04,0x00,
  0x00,0x00,0xe0,0xff,0xff,0xff,0xff,0xff,0x01,0x44,0x4a,0xb4,0x11,0x01,0x84,0x10,0x12,0x11,0x45,0x20,0x52,0x44,0x88,0x88,0x10,0x45,0x26,0x85,0x04,0x00,
  0x00,0x00,0xf8,0xff,0xff,0xff,0xff,0xff,0x07,0x54,0x4a,0xb4,0x11,0x01,0x84,0x10,0x0a,0x11,0x45,0xa0,0x52,0x44,0x88,0x88,0x10,0x44,0x26,0x85,0x02,0x00,
  0x00,0x00,0x1c,0x00,0x00,0x00,0x00,0x00,0x1e,0x54,0xd1,0x53,0x11,0x0f,0xbc,0xf0,0x06,0xf1,0x44,0xa0,0x8a,0xc4,0x7b,0x88,0x17,0x7c,0x2a,0xbd,0x01,0x00,
  0x00,0x00,0x0e,0x00,0x00,0x00,0x00,0x00,0x38,0x54,0x5f,0x54,0x11,0x61,0x84,0x10,0x0a,0x11,0x45,0xa3,0xfa,0x44,0x88,0x88,0x10,0x44,0x32,0x85,0x02,0x00,
  0x00,0x00,0x03,0x00,0x00,0x00,0x00,0x00,0x70,0x28,0x51,0x14,0x11,0x01,0x84,0x10,0x12,0x11,0x45,0x40,0x89,0x44,0x88,0x88,0x10,0x45,0x32,0x85,0x04,0x00,
  0x00,0x80,0x03,0x00,0x00,0x00,0x00,0x00,0x60,0x28,0x51,0x14,0x11,0x0f,0xbc,0xf7,0x12,0x11,0x39,0x40,0x89,0xc4,0x8b,0x88,0xe7,0x44,0x22,0xbd,0x04,0x00,
  0x00,0x80,0x01,0x00,0x00,0x00,0x00,0x00,0xc0,0x00,0x00,0x00,0x00,0x00,0x00,0x00,0x00,0x00,0x00,0x00,0x00,0x00,0x00,0x00,0x00,0x00,0x00,0x00,0x00,0x00,
  0x00,0xc0,0x00,0x00,0x00,0x00,0x00,0x00,0xc0,0x00,0x00,0x00,0x00,0x00,0x00,0x00,0x00,0x00,0x00,0x00,0x00,0x00,0x00,0x00,0x00,0x00,0x00,0x00,0x00,0x00,
  0x00,0xc0,0x00,0x00,0x00,0x00,0x00,0x00,0x80,0x00,0x00,0x00,0x00,0x00,0x00,0x00,0x00,0x00,0x00,0x00,0x00,0x00,0x00,0x00,0x00,0x00,0x00,0x00,0x00,0x00,
  0x00,0xc0,0x00,0x00,0x00,0x00,0x00,0x00,0x80,0x01,0x00,0x00,0x00,0x00,0x00,0x00,0x00,0x00,0x00,0x00,0x00,0x00,0x00,0x00,0x00,0x00,0x00,0x00,0x00,0x00,
  0x00,0xc0,0x00,0x00,0x00,0x00,0x00,0x00,0x80,0x01,0x00,0x00,0x00,0x00,0x00,0x00,0x00,0x00,0x00,0x00,0x00,0x00,0x00,0x00,0x00,0x00,0x00,0x00,0x00,0x00,
  0x00,0xc0,0x00,0x00,0x00,0x00,0x00,0x00,0x80,0x01,0x00,0x00,0x00,0x00,0x00,0x00,0x00,0x00,0x00,0x00,0x00,0x00,0x00,0x00,0x00,0x00,0x00,0x00,0x00,0x00,
  0x00,0xfc,0x00,0x00,0x00,0x00,0x00,0x00,0x80,0xff,0xff,0xff,0xff,0xff,0xff,0xff,0xff,0xff,0xff,0xff,0xff,0xff,0xff,0xff,0xff,0xff,0xff,0xff,0x3f,0x00,
  0x00,0xfc,0x00,0x00,0x00,0x00,0x00,0x00,0x80,0xff,0xff,0xff,0xff,0xff,0xff,0xff,0xff,0xff,0xff,0xff,0xff,0xff,0xff,0xff,0xff,0xff,0xff,0xff,0x3f,0x00,
  0x00,0xfc,0x00,0x00,0x00,0x00,0x00,0x00,0x80,0xff,0xff,0xff,0xff,0xff,0xff,0xff,0xff,0xff,0xff,0xff,0xff,0xff,0xff,0xff,0xff,0xff,0xff,0xff,0x3f,0x00,
  0x00,0xfc,0x00,0x00,0xff,0xff,0x7f,0x00,0x80,0xff,0xff,0xff,0xff,0xff,0xff,0xff,0xff,0xff,0xff,0xff,0xff,0xff,0xff,0xff,0xff,0xff,0xff,0xff,0x3f,0x00,
  0x00,0xfc,0x00,0xc0,0xff,0xff,0xff,0x01,0x80,0xff,0xff,0xff,0xff,0xff,0xff,0xff,0xff,0xff,0xff,0xff,0xff,0xff,0xff,0xff,0xff,0xff,0xff,0xff,0x3f,0x00,
  0x00,0xfc,0x00,0xc0,0xff,0xff,0xff,0x01,0x80,0x7f,0x00,0x00,0xff,0x0f,0xc0,0x01,0xff,0x00,0x00,0xfe,0x07,0x00,0xe0,0xff,0x01,0xf2,0x4c,0x80,0x3f,0x00,
  0x00,0xfc,0x00,0xe0,0xff,0x7f,0xff,0x03,0x80,0x1f,0x00,0x00,0xfc,0x03,0x00,0x01,0x3f,0x00,0x00,0xfc,0x01,0x00,0xc0,0xff,0x01,0xf2,0x4c,0x00,0x3f,0x00,
  0x00,0xfc,0x00,0xe0,0xcf,0x3f,0xff,0x03,0x80,0x0f,0x00,0x00,0xf8,0x01,0x00,0x00,0x1f,0x00,0x00,0xf8,0x00,0x00,0x80,0xff,0x8f,0xf3,0x4c,0x3e,0x3f,0x00,
  0x00,0xfc,0x00,0xe0,0x8f,0x5f,0xff,0x03,0x80,0x07,0x00,0x00,0xf0,0x00,0x00,0x00,0x1f,0x00,0x00,0xf8,0x00,0x00,0x80,0xff,0xc7,0xf3,0x4c,0x3e,0x3f,0x00,
  0x00,0xfc,0x00,0xe0,0x6f,0x4e,0xff,0xff,0xff,0x07,0x00,0x00,0xf0,0x00,0x00,0x00,0x0f,0xf0,0x0f,0xf0,0x00,0x7f,0x80,0xff,0xe1,0xf3,0x4c,0x3e,0x3f,0x00,
  0x00,0xfc,0x00,0xe0,0xef,0x6c,0xff,0xff,0xff,0x07,0xf8,0x0f,0xf0,0x80,0xff,0x00,0x0f,0xf8,0x1f,0xf0,0xc0,0xff,0xff,0xff,0x01,0x02,0x4c,0x00,0x3f,0x00,
  0x00,0xfc,0x00,0xe0,0xef,0x75,0xff,0xff,0xff,0x07,0xfc,0x1f,0xf0,0xc0,0xff,0x01,0xff,0xff,0x1f,0xf0,0x80,0xff,0xff,0xff,0x01,0x06,0x4e,0x80,0x3f,0x00,
  0x00,0xfc,0x00,0xe0,0xef,0x73,0xff,0xff,0xff,0x07,0xfe,0x3f,0xf0,0xc0,0xff,0x01,0x7f,0x00,0x10,0xf0,0x00,0x00,0xe0,0xff,0xff,0xff,0xff,0xff,0x3f,0x00,
  0x00,0xfc,0x00,0xe0,0xef,0xf7,0xfe,0xff,0xff,0x07,0xfe,0x3f,0xf0,0xc0,0xff,0x01,0x1f,0x00,0x00,0xf0,0x00,0x00,0x80,0xff,0xff,0xff,0xff,0xff,0x3f,0x00,
  0x00,0xfc,0x00,0xe0,0xef,0xff,0xfe,0xff,0xff,0x07,0xfe,0x3f,0xf0,0xc0,0xff,0x01,0x0f,0x00,0x00,0xf0,0x01,0x00,0x00,0xff,0x01,0xf8,0xe1,0x8f,0x3f,0x00,
  0x00,0xfc,0x00,0xe0,0xef,0xff,0xfe,0xff,0xff,0x07,0xfe,0x3f,0xf0,0xc0,0xff,0x01,0x0f,0x00,0x00,0xf0,0x03,0x00,0x00,0xff,0x01,0xf0,0xe3,0x87,0x3f,0x00,
  0x00,0xfc,0x00,0xe0,0xf7,0xff,0xfd,0xff,0xff,0x07,0xfe,0x3f,0xf0,0x80,0xff,0x01,0x0f,0xf0,0x0f,0xf0,0xff,0x00,0x00,0xfe,0xf1,0xe1,0xc3,0xc7,0x3f,0x00,
  0x00,0xfc,0x00,0xe0,0xf7,0xff,0xfd,0xff,0xff,0x07,0xfc,0x1f,0xf0,0x00,0x7f,0x00,0x0f,0xf8,0x1f,0xf0,0xff,0xff,0x01,0xfe,0xf1,0xe3,0xc7,0xe3,0x3f,0x00,
  0x00,0xfc,0x00,0xe0,0xfb,0xff,0xfd,0xff,0xff,0x07,0xf8,0x0f,0xf0,0x00,0x00,0x00,0x0f,0xf0,0x0f,0xf0,0x80,0xff,0x03,0xfe,0x01,0xf0,0x87,0xe3,0x3f,0x00,
  0x00,0xfc,0x00,0xe0,0xfb,0xfb,0xfd,0xff,0xff,0x07,0x00,0x00,0xf0,0x00,0x00,0x00,0x0f,0x00,0x00,0xf0,0x00,0xfe,0x00,0xfe,0x01,0xf0,0x8f,0xf1,0x3f,0x00,
  0x00,0xfc,0x00,0xe0,0xfb,0xf1,0xfd,0xff,0xff,0x07,0x00,0x00,0xf0,0x01,0x00,0x00,0x0f,0x00,0x00,0xf0,0x00,0x00,0x00,0xff,0xf1,0xe3,0x1f,0xf0,0x3f,0x00,
  0x00,0xfc,0x00,0xe0,0xfd,0xf5,0xfd,0xff,0xff,0x0f,0x00,0x00,0xf8,0x03,0x00,0x00,0x0f,0x00,0x00,0xf0,0x00,0x00,0x00,0xff,0xf1,0x63,0x1c,0x38,0x3e,0x00,
  0x00,0xfc,0x00,0xe0,0xfd,0xf6,0xfd,0xff,0xff,0x1f,0x00,0x00,0xfc,0x7f,0xc0,0x01,0x1f,0x00,0x00,0xf0,0x01,0x00,0x80,0xff,0x01,0x60,0x1c,0x38,0x3e,0x00,
  0x00,0xfc,0x00,0xe0,0xfd,0xf6,0xfd,0xff,0xff,0x7f,0x00,0x00,0xff,0xff,0xff,0x01,0x7f,0x00,0x1c,0xf0,0x07,0x00,0xe0,0xff,0x01,0x70,0x3c,0x3c,0x3e,0x00,
  0x00,0xfc,0x00,0xe0,0x7d,0xf7,0xfd,0x03,0x80,0xff,0xff,0xff,0xff,0xc0,0xff,0x01,0xff,0xff,0xff,0xff,0xff,0xff,0xff,0xff,0xff,0xff,0xff,0xff,0x3f,0x00,
  0x00,0xfc,0x00,0xe0,0x7b,0xf7,0xfe,0x03,0x80,0xff,0xff,0xff,0xff,0x80,0xff,0x00,0xff,0xff,0xff,0xff,0xff,0xff,0xff,0xff,0xff,0xff,0xff,0xff,0x3f,0x00,
  0x00,0xfc,0x00,0xe0,0x7b,0x77,0xfe,0x03,0x80,0xff,0xff,0xff,0xff,0x00,0x00,0x80,0xff,0xff,0xff,0xff,0xff,0xff,0xff,0xff,0xff,0xff,0xff,0xff,0x3f,0x00,
  0x00,0xfc,0x00,0xe0,0x3b,0x77,0xff,0x03,0x80,0xff,0xff,0xff,0xff,0x00,0x00,0x80,0xff,0xff,0xff,0xff,0xff,0xff,0xff,0xff,0xff,0xff,0xff,0xff,0x3f,0x00,
  0x00,0xfc,0x00,0xe0,0xb7,0xb7,0xff,0x03,0x80,0xff,0xff,0xff,0xff,0x01,0x00,0xc0,0xff,0xff,0xff,0xff,0xff,0xff,0xff,0xff,0xff,0xff,0xff,0xff,0x3f,0x00,
  0x00,0xfc,0x00,0xe0,0xaf,0xc7,0xff,0x03,0x80,0xff,0xff,0xff,0xff,0x03,0x00,0xf0,0xff,0xff,0xff,0xff,0xff,0xff,0xff,0xff,0xff,0xff,0xff,0xff,0x3f,0x00,
  0x00,0xfc,0x00,0xe0,0x9f,0xe3,0xff,0x03,0x80,0xff,0xff,0xff,0xff,0xff,0xff,0xff,0xff,0xff,0xff,0xff,0xff,0xff,0xff,0xff,0xff,0xff,0xff,0xff,0x3f,0x00,
  0x00,0xfc,0x00,0xe0,0xbf,0xfb,0xff,0x03,0x80,0xff,0xff,0xff,0xff,0xff,0xff,0xff,0xff,0xff,0xff,0xff,0xff,0xff,0xff,0xff,0xff,0xff,0xff,0xff,0x3f,0x00,
  0x00,0xfc,0x00,0xc0,0xff,0xff,0xff,0x01,0x80,0xff,0xff,0xff,0xff,0xff,0xff,0xff,0xff,0xff,0xff,0xff,0xff,0xff,0xff,0xff,0xff,0xff,0xff,0xff,0x3f,0x00,
  0x00,0xfc,0x00,0xc0,0xff,0xff,0xff,0x01,0x80,0xff,0xff,0xff,0xff,0xff,0xff,0xff,0xff,0xff,0xff,0xff,0xff,0xff,0xff,0xff,0xff,0xff,0xff,0xff,0x3f,0x00,
  0x00,0xfc,0x00,0x00,0x00,0x00,0x00,0x00,0x80,0xff,0xff,0xff,0xff,0xff,0xff,0xff,0xff,0xff,0xff,0xff,0xff,0xff,0xff,0xff,0xff,0xff,0xff,0xff,0x3f,0x00,
  0x00,0xc0,0x00,0x00,0x00,0x00,0x00,0x00,0x80,0x01,0x00,0x00,0x00,0x00,0x00,0x00,0x00,0x00,0x00,0x00,0x00,0x00,0x00,0x00,0x00,0x00,0x00,0x00,0x00,0x00,
  0x00,0xc0,0x00,0x00,0x00,0x00,0x00,0x00,0x80,0x01,0x00,0x00,0x00,0x00,0x00,0x00,0x00,0x00,0x00,0x00,0x00,0x00,0x00,0x00,0x00,0x00,0x00,0x00,0x00,0x00,
  0x00,0xc0,0x00,0x00,0x00,0x00,0x00,0x00,0x80,0x01,0x00,0x00,0x00,0x00,0x00,0x00,0x00,0x00,0x00,0x00,0x00,0x00,0x00,0x00,0x00,0x00,0x00,0x00,0x00,0x00,
  0x00,0xc0,0x00,0x00,0x00,0x00,0x00,0x00,0x80,0x01,0x00,0x00,0x00,0x00,0x00,0x00,0x00,0x00,0x00,0x00,0x00,0x00,0x00,0x00,0x00,0x00,0x00,0x00,0x00,0x00,
  0x00,0xc0,0x00,0x00,0x00,0x00,0x00,0x00,0x80,0x01,0x00,0x00,0x00,0x00,0x00,0x00,0x00,0x00,0x00,0x00,0x00,0x00,0x00,0x00,0x00,0x00,0x00,0x00,0x00,0x00,
  0x00,0xc0,0x00,0x00,0x00,0x00,0x00,0x00,0x80,0x01,0x00,0x00,0x00,0x00,0x00,0x00,0x00,0x00,0x00,0x00,0x00,0x00,0x00,0x00,0x00,0x00,0x00,0x00,0x00,0x00,
  0x00,0xc0,0x00,0x00,0x00,0x00,0x00,0x00,0xc0,0x10,0x80,0x00,0x00,0x00,0x00,0x00,0x00,0x00,0x00,0x00,0x00,0x00,0x00,0x00,0x00,0x00,0x41,0x00,0x01,0x00,
  0x00,0x80,0x01,0x00,0x00,0x00,0x00,0x00,0xc0,0x28,0x80,0x00,0x00,0x00,0x00,0x00,0x00,0x00,0x00,0x00,0x00,0x00,0x00,0x00,0x00,0x00,0x40,0x00,0x01,0x00,
  0x00,0x80,0x01,0x00,0x00,0x00,0x00,0x00,0x60,0x28,0xce,0x39,0x0f,0x00,0x00,0x00,0x00,0x10,0x14,0x14,0x84,0xe3,0x58,0x8e,0xf3,0x45,0x59,0x3c,0x01,0x00,
  0x00,0x00,0x03,0x00,0x00,0x00,0x00,0x00,0x70,0x28,0x91,0x44,0x11,0x00,0x00,0x00,0x00,0x90,0x94,0x94,0x44,0x14,0x65,0x51,0x84,0x44,0x65,0x44,0x01,0x00,
  0x00,0x00,0x0e,0x00,0x00,0x00,0x00,0x00,0x38,0x44,0x86,0x7c,0x11,0x00,0x00,0x00,0x00,0xa0,0xa2,0xa2,0x42,0x10,0x45,0x9e,0x41,0x44,0x45,0x44,0x01,0x00,
  0x00,0x00,0x3c,0x00,0x00,0x00,0x00,0x00,0x0e,0x7c,0x88,0x04,0x11,0x00,0x00,0x00,0x00,0xa0,0xa2,0xa2,0x42,0x10,0x45,0x11,0x42,0x44,0x45,0x44,0x01,0x00,
  0x00,0x00,0xf8,0xff,0xff,0xff,0xff,0xff,0x07,0x44,0x91,0x44,0x11,0x00,0x00,0x00,0x00,0x40,0x41,0x41,0x41,0x14,0x65,0x59,0x24,0x64,0x65,0x44,0x01,0x00,
  0x00,0x00,0xc0,0xff,0xff,0xff,0xff,0xff,0x01,0x44,0x8e,0x39,0x11,0x00,0x00,0x00,0x00,0x40,0x41,0x41,0x91,0xe3,0x58,0x96,0xf3,0x59,0x59,0x45,0x01,0x00,
  0x00,0x00,0x00,0x00,0x00,0x00,0x00,0x00,0x00,0x00,0x00,0x00,0x00,0x00,0x00,0x00,0x00,0x00,0x00,0x00,0x00,0x00,0x44,0x00,0x00,0x00,0x00,0x00,0x00,0x00,
  0x00,0x00,0x00,0x00,0x00,0x00,0x00,0x00,0x00,0x00,0x00,0x00,0x00,0x00,0x00,0x00,0x00,0x00,0x00,0x00,0x00,0x00,0x38,0x00,0x00,0x00,0x00,0x00,0x00,0x00,
  0x00,0x00,0x00,0x00,0x00,0x00,0x00,0x00,0x00,0x00,0x00,0x00,0x00,0x00,0x00,0x00,0x00,0x00,0x00,0x00,0x00,0x00,0x00,0x00,0x00,0x00,0x00,0x00,0x00,0x00,
  0x00,0x00,0x00,0x00,0x00,0x00,0x00,0x00,0x00,0x00,0x00,0x00,0x00,0x00,0x00,0x00,0x00,0x00,0x00,0x00,0x00,0x00,0x00,0x00,0x00,0x00,0x00,0x00,0x00,0x00,
  0x00,0x00,0x00,0x00,0x00,0x00,0x00,0x00,0x00,0x00,0x00,0x00,0x00,0x00,0x00,0x00,0x00,0x00,0x00,0x00,0x00,0x00,0x00,0x00,0x00,0x00,0x00,0x00,0x00,0x00,
  0x00,0x00,0x00,0x00,0x00,0x00,0x00,0x00,0x00,0x00,0x00,0x00,0x00,0x00,0x00,0x00,0x00,0x00,0x00,0x00,0x00,0x00,0x00,0x00,0x00,0x00,0x00,0x00,0x00,0x00,
  0x00,0x00,0x00,0x00,0x00,0x00,0x00,0x00,0x00,0x00,0x00,0x00,0x00,0x00,0x00,0x00,0x00,0x00,0x00,0x00,0x00,0x00,0x00,0x00,0x00,0x00,0x00,0x00,0x00,0x00,
  0x00,0x00,0x00,0x00,0x00,0x00,0x00,0x00,0x00,0x00,0x00,0x00,0x00,0x00,0x00,0x00,0x00,0x00,0x00,0x00,0x00,0x00,0x00,0x00,0x00,0x00,0x00,0x00,0x00,0x00,
  0x00,0x00,0x00,0x00,0x00,0x00,0x00,0x00,0x00,0x00,0x00,0x00,0x00,0x00,0x00,0x00,0x00,0x00,0x00,0x00,0x00,0x00,0x00,0x00,0x00,0x00,0x00,0x00,0x00,0x00,
  0x00,0x00,0x00,0x00,0x00,0x00,0x00,0x00,0x00,0x00,0x00,0x00,0x00,0x00,0x00,0x00,0x00,0x00,0x00,0x00,0x00,0x00,0x00,0x00,0x00,0x00,0x00,0x00,0x00,0x00,
  0x00,0x00,0x00,0x00,0x00,0x00,0x00,0x00,0x00,0x00,0x00,0x00,0x00,0x00,0x00,0x00,0x00,0x00,0x00,0x00,0x00,0x00,0x00,0x00,0x00,0x00,0x00,0x00,0x00,0x00,
  0x00,0x00,0x00,0x00,0x00,0x00,0x00,0x00,0x00,0x00,0x00,0x00,0x00,0x00,0x00,0x00,0x00,0x00,0x00,0x00,0x00,0x00,0x00,0x00,0x00,0x00,0x00,0x00,0x00,0x00,
  0x00,0x00,0x00,0x00,0x00,0x00,0x00,0x00,0x00,0x00,0x00,0x00,0x00,0x00,0x00,0x00,0x00,0x00,0x00,0x00,0x00,0x00,0x00,0x00,0x00,0x00,0x00,0x00,0x00,0x00,
  0x00,0x00,0x00,0x00,0x00,0x00,0x00,0x00,0x00,0x00,0x00,0x00,0x00,0x00,0x00,0x00,0x00,0x00,0x00,0x00,0x00,0x00,0x00,0x00,0x00,0x00,0x00,0x00,0x00,0x00,
  0x00,0x00,0x00,0x00,0x00,0x00,0x00,0x00,0x00,0x00,0x00,0x00,0x00,0x00,0x00,0x00,0x00,0x00,0x00,0x00,0x00,0x00,0x00,0x00,0x00,0x00,0x00,0x00,0x00,0x00,
  0x00,0x00,0x00,0x00,0x00,0x00,0x00,0x00,0x00,0x00,0x00,0x00,0x00,0x00,0x00,0x00,0x00,0x00,0x00,0x00,0x00,0x00,0x00,0x00,0x00,0x00,0x00,0x00,0x00,0x00,
  0x00,0x00,0x00,0x00,0x00,0x00,0x00,0x00,0x00,0x00,0x00,0x00,0x00,0x00,0x00,0x00,0x00,0x00,0x00,0x00,0x00,0x00,0x00,0x00,0x00,0x00,0x00,0x00,0x00,0x00,
  0x00,0x00,0x00,0x00,0x00,0x00,0x00,0x00,0x00,0x00,0x00,0x00,0x00,0x00,0x00,0x00,0x00,0x00,0x00,0x00,0x00,0x00,0x00,0x00,0x00,0x00,0x00,0x00,0x00,0x00,
  0x00,0x00,0x00,0x00,0x00,0x00,0x00,0x00,0x00,0x00,0x00,0x00,0x00,0x00,0x00,0x00,0x00,0x00,0x00,0x00,0x00,0x00,0x00,0x00,0x00,0x00,0x00,0x00,0x00,0x00,
  0x00,0x00,0x00,0x00,0x00,0x00,0x00,0x00,0x00,0x00,0x00,0x00,0x00,0x00,0x00,0x00,0x00,0x00,0x00,0x00,0x00,0x00,0x00,0x00,0x00,0x00,0x00,0x00,0x00,0x00,
  0x00,0x00,0x00,0x00,0x00,0x00,0x00,0x00,0x00,0x00,0x00,0x00,0x00,0x00,0x00,0x00,0x00,0x00,0x00,0x00,0x00,0x00,0x00,0x00,0x00,0x00,0x00,0x00,0x00,0x00,
  0x00,0x00,0x00,0x00,0x00,0x00,0x00,0x00,0x00,0x00,0x00,0x00,0x00,0x00,0x00,0x00,0x00,0x00,0x00,0x00,0x00,0x00,0x00,0x00,0x00,0x00,0x00,0x00,0x00,0x00,
  0x00,0x00,0x00,0x00,0x00,0x00,0x00,0x00,0x00,0x00,0x00,0x00,0x00,0x00,0x00,0x00,0x00,0x00,0x00,0x00,0x00,0x00,0x00,0x00,0x00,0x00,0x00,0x00,0x00,0x00,
  0x00,0x00,0x00,0x00,0x00,0x00,0x00,0x00,0x00,0x00,0x00,0x00,0x00,0x00,0x00,0x00,0x00,0x00,0x00,0x00,0x00,0x00,0x00,0x00,0x00,0x00,0x00,0x00,0x00,0x00,
  0x00,0x00,0x00,0x00,0x00,0x00,0x00,0x00,0x00,0x00,0x00,0x00,0x00,0x00,0x00,0x00,0x00,0x00,0x00,0x00,0x00,0x00,0x00,0x00,0x00,0x00,0x00,0x00,0x00,0x00,
  0x00,0x00,0x00,0x00,0x00,0x00,0x00,0x00,0x00,0x00,0x00,0x00,0x00,0x00,0x00,0x00,0x00,0x00,0x00,0x00,0x00,0x00,0x00,0x00,0x00,0x00,0x00,0x00,0x00,0x00,
  0x00,0x00,0x00,0x00,0x00,0x00,0x00,0x00,0x00,0x00,0x00,0x00,0x00,0x00,0x00,0x00,0x00,0x00,0x00,0x00,0x00,0x00,0x00,0x00,0x00,0x00,0x00,0x00,0x00,0x00,
  0x00,0x00,0x00,0x00,0x00,0x00,0x00,0x00,0x00,0x00,0x00,0x00,0x00,0x00,0x00,0x00,0x00,0x00,0x00,0x00,0x00,0x00,0x00,0x00,0x00,0x00,0x00,0x00,0x00,0x00,
  0x00,0x00,0x00,0x00,0x00,0x00,0x00,0x00,0x00,0x00,0x00,0x00,0x00,0x00,0x00,0x00,0x00,0x00,0x00,0x00,0x00,0x00,0x00,0x00,0x00,0x00,0x00,0x00,0x00,0x00,
  0x00,0x00,0x00,0x00,0x00,0x00,0x00,0x00,0x00,0x00,0x00,0x00,0x00,0x00,0x00,0x00,0x00,0x00,0x00,0x00,0x00,0x00,0x00,0x00,0x00,0x00,0x00,0x00,0x00,0x00,
  0x00,0x00,0x00,0x00,0x00,0x00,0x00,0x00,0x00,0x00,0x00,0x00,0x00,0x00,0x00,0x00,0x00,0x00,0x00,0x00,0x00,0x00,0x00,0x00,0x00,0x00,0x00,0x00,0x00,0x00,
  0x00,0x00,0x00,0x00,0x00,0x00,0x00,0x00,0x00,0x00,0x00,0x00,0x00,0x00,0x00,0x00,0x00,0x00,0x00,0x00,0x00,0x00,0x00,0x00,0x00,0x00,0x00,0x00,0x00,0x00,
  0x00,0x00,0x00,0x00,0x00,0x00,0x00,0x00,0x00,0x00,0x00,0x00,0x00,0x00,0x00,0x00,0x00,0x00,0x00,0x00,0x00,0x00,0x00,0x00,0x00,0x00,0x00,0x00,0x00,0x00,
  0x00,0x00,0x00,0x00,0x00,0x00,0x00,0x00,0x00,0x00,0x00,0x00,0x00,0x00,0x00,0x00,0x00,0x00,0x00,0x00,0x00,0x00,0x00,0x00,0x00,0x00,0x00,0x00,0x00,0x00,
};
s_bitmap const ico_cogaszuid = { 240, 128, bitmap_cogaszuid };
//-----------------------------------------------------------------------------
unsigned char const priva_ico_data[] =
{
  0x00,0x00,0x00,0x00,0x00,0x00,0x00,0x00,0x00,0x00,0x00,0x00,0x00,0x00,0x00,0x00,0x00,0x00,0x00,0x00,0x00,0x00,0x00,0x00,0x00,0x00,0x00,0x00,0x00,0x00,
  0x00,0x00,0x00,0x00,0x00,0x00,0x00,0x00,0x00,0x00,0xf0,0xff,0xff,0xff,0xff,0xff,0xff,0xff,0xff,0x0f,0x00,0x00,0x00,0x00,0x00,0x00,0x00,0x00,0x00,0x00,
  0x00,0x00,0x00,0x00,0x00,0x00,0x00,0x00,0x00,0x00,0xff,0xff,0xff,0xff,0xff,0xff,0xff,0xff,0xff,0x7f,0x00,0x00,0x00,0x00,0x00,0x00,0x00,0x00,0x00,0x00,
  0x00,0x00,0x00,0x00,0x00,0x00,0x00,0x00,0x00,0x80,0xff,0xff,0xff,0xff,0xff,0xff,0xff,0xff,0xff,0xff,0x00,0x00,0x00,0x00,0x00,0x00,0x00,0x00,0x00,0x00,
  0x00,0x00,0x00,0x00,0x00,0x00,0x00,0x00,0x00,0xc0,0xff,0xff,0xff,0xff,0xff,0xff,0xff,0xff,0xff,0xff,0x03,0x00,0x00,0x00,0x00,0x00,0x00,0x00,0x00,0x00,
  0x00,0x00,0x00,0x00,0x00,0x00,0x00,0x00,0x00,0xe0,0xff,0xff,0xff,0xff,0xff,0xff,0xff,0xff,0xff,0xff,0x03,0x00,0x00,0x00,0x00,0x00,0x00,0x00,0x00,0x00,
  0x00,0x00,0x00,0x00,0x00,0x00,0x00,0x00,0x00,0xe0,0xff,0xff,0xff,0xff,0xff,0xff,0xff,0xff,0xff,0xff,0x07,0x00,0x00,0x00,0x00,0x00,0x00,0x00,0x00,0x00,
  0x00,0x00,0x00,0x00,0x00,0x00,0x00,0x00,0x00,0xe0,0xff,0xff,0xff,0xff,0xff,0xff,0xff,0xff,0xff,0xff,0x07,0x00,0x00,0x00,0x00,0x00,0x00,0x00,0x00,0x00,
  0x00,0x00,0x00,0x00,0x00,0x00,0x00,0x00,0x00,0xf0,0xff,0xff,0xff,0xff,0xff,0xff,0xff,0xff,0xff,0xff,0x07,0x00,0x00,0x00,0x00,0x00,0x00,0x00,0x00,0x00,
  0x00,0x00,0x00,0x00,0x00,0x00,0x00,0x00,0x00,0xf0,0xff,0xff,0xff,0xff,0xff,0xff,0xff,0xff,0xff,0xff,0x0f,0x00,0x00,0x00,0x00,0x00,0x00,0x00,0x00,0x00,
  0x00,0x00,0x00,0x00,0x00,0x00,0x00,0x00,0x00,0xf0,0xff,0xff,0xff,0xff,0xff,0xff,0xff,0xff,0xff,0xff,0x0f,0x00,0x00,0x00,0x00,0x00,0x00,0x00,0x00,0x00,
  0x00,0x00,0x00,0x00,0x00,0x00,0x00,0x00,0x00,0xf0,0xff,0xff,0xff,0xff,0xff,0xff,0xff,0xff,0xff,0xff,0x0f,0x00,0x00,0x00,0x00,0x00,0x00,0x00,0x00,0x00,
  0x00,0x00,0x00,0x00,0x00,0x00,0x00,0x00,0x00,0xf0,0xff,0xff,0xff,0xff,0xff,0xf7,0xff,0xff,0xff,0xff,0x0f,0x00,0x00,0x00,0x00,0x00,0x00,0x00,0x00,0x00,
  0x00,0x00,0x00,0x00,0x00,0x00,0x00,0x00,0x00,0xf0,0xff,0xff,0xff,0xff,0xff,0xf7,0xff,0xff,0xfe,0xff,0x0f,0x00,0x00,0x00,0x00,0x00,0x00,0x00,0x00,0x00,
  0x00,0x00,0x00,0x00,0x00,0x00,0x00,0x00,0x00,0xf0,0xff,0xff,0xff,0xff,0xff,0xf7,0xff,0xff,0xfe,0xff,0x0f,0x00,0x00,0x00,0x00,0x00,0x00,0x00,0x00,0x00,
  0x00,0x00,0x00,0x00,0x00,0x00,0x00,0x00,0x00,0xf0,0xff,0xff,0xff,0xff,0xff,0xe3,0xff,0xff,0xfe,0xff,0x0f,0x00,0x00,0x00,0x00,0x00,0x00,0x00,0x00,0x00,
  0x00,0x00,0x00,0x00,0x00,0x00,0x00,0x00,0x00,0xf0,0xff,0xff,0xff,0xff,0xff,0xe1,0xff,0x7f,0xfc,0xff,0x0f,0x00,0x00,0x00,0x00,0x00,0x00,0x00,0x00,0x00,
  0x00,0x00,0x00,0x00,0x00,0x00,0x00,0x00,0x00,0xf0,0xff,0xff,0xff,0xff,0xff,0xe0,0xff,0x7f,0xfc,0xff,0x0f,0x00,0x00,0x00,0x00,0x00,0x00,0x00,0x00,0x00,
  0x00,0x00,0x00,0x00,0x00,0x00,0x00,0x00,0x00,0xf0,0xff,0xff,0xff,0xff,0xff,0xe0,0xff,0x3f,0xfc,0xff,0x0f,0x00,0x00,0x00,0x00,0x00,0x00,0x00,0x00,0x00,
  0x00,0x00,0x00,0x00,0x00,0x00,0x00,0x00,0x00,0xf0,0xff,0xff,0xff,0xff,0x7f,0xc0,0xff,0x1f,0xfc,0xff,0x0f,0x00,0x00,0x00,0x00,0x00,0x00,0x00,0x00,0x00,
  0x00,0x00,0x00,0x00,0x00,0x00,0x00,0x00,0x00,0xf0,0xff,0xff,0xff,0xff,0x3f,0xc0,0xff,0x1f,0xfe,0xff,0x0f,0x00,0x00,0x00,0x00,0x00,0x00,0x00,0x00,0x00,
  0x00,0x00,0x00,0x00,0x00,0x00,0x00,0x00,0x00,0xf0,0xff,0xff,0xff,0xff,0x3f,0xc0,0xff,0x1f,0xfe,0xff,0x0f,0x00,0x00,0x00,0x00,0x00,0x00,0x00,0x00,0x00,
  0x00,0x00,0x00,0x00,0x00,0x00,0x00,0x00,0x00,0xf0,0xff,0xff,0xff,0xff,0x1f,0xc0,0xff,0x0f,0xfe,0xff,0x0f,0x00,0x00,0x00,0x00,0x00,0x00,0x00,0x00,0x00,
  0x00,0x00,0x00,0x00,0x00,0x00,0x00,0x00,0x00,0xf0,0xff,0xff,0xff,0xff,0x0f,0xc0,0xff,0x0f,0xfe,0xff,0x0f,0x00,0x00,0x00,0x00,0x00,0x00,0x00,0x00,0x00,
  0x00,0x00,0x00,0x00,0x00,0x00,0x00,0x00,0x00,0xf0,0xff,0xff,0xff,0xff,0x07,0xc0,0xff,0x0f,0xfe,0xff,0x0f,0x00,0x00,0x00,0x00,0x00,0x00,0x00,0x00,0x00,
  0x00,0x00,0x00,0x00,0x00,0x00,0x00,0x00,0x00,0xf0,0xff,0xff,0xff,0xff,0x03,0xc0,0xff,0x07,0xff,0xff,0x0f,0x00,0x00,0x00,0x00,0x00,0x00,0x00,0x00,0x00,
  0x00,0x00,0x00,0x00,0x00,0x00,0x00,0x00,0x00,0xf0,0xff,0xff,0xff,0xff,0x01,0xc1,0xff,0x07,0xff,0xff,0x0f,0x00,0x00,0x00,0x00,0x00,0x00,0x00,0x00,0x00,
  0x00,0x00,0x00,0x00,0x00,0x00,0x00,0x00,0x00,0xf0,0xff,0xff,0xff,0xff,0x00,0xc1,0xff,0x03,0xff,0xff,0x0f,0x00,0x00,0x00,0x00,0x00,0x00,0x00,0x00,0x00,
  0x00,0x00,0x00,0x00,0x00,0x00,0x00,0x00,0x00,0xf0,0xff,0xff,0xff,0x7f,0x80,0xc1,0xff,0x03,0xff,0xff,0x0f,0x00,0x00,0x00,0x00,0x00,0x00,0x00,0x00,0x00,
  0x00,0x00,0x00,0x00,0x00,0x00,0x00,0x00,0x00,0xf0,0xff,0xff,0xff,0x3f,0xe0,0xc1,0xff,0x81,0xf3,0xff,0x0f,0x00,0x00,0x00,0x00,0x00,0x00,0x00,0x00,0x00,
  0x00,0x00,0x00,0x00,0x00,0x00,0x00,0x00,0x00,0xf0,0xff,0xff,0xff,0x0f,0xe0,0xc1,0xdf,0xc1,0xf1,0xff,0x0f,0x00,0x00,0x00,0x00,0x00,0x00,0x00,0x00,0x00,
  0x00,0x00,0x00,0x00,0x00,0x00,0x00,0x00,0x00,0xf0,0xff,0xff,0xff,0x07,0xf0,0xc1,0xdf,0xc1,0xf1,0xff,0x0f,0x00,0x00,0x00,0x00,0x00,0x00,0x00,0x00,0x00,
  0x00,0x00,0x00,0x00,0x00,0x00,0x00,0x00,0x00,0xf0,0xff,0xff,0xff,0x03,0xf8,0xc1,0xcf,0xe1,0xf0,0xff,0x0f,0x00,0x00,0x00,0x00,0x00,0x00,0x00,0x00,0x00,
  0x00,0x00,0x00,0x00,0x00,0x00,0x00,0x00,0x00,0xf0,0xff,0xff,0xff,0x01,0xfe,0x81,0xc7,0xe1,0xf0,0xff,0x0f,0x00,0x00,0x00,0x00,0x00,0x00,0x00,0x00,0x00,
  0x00,0x00,0x00,0x00,0x00,0x00,0x00,0x00,0x00,0xf0,0xff,0xff,0xff,0x00,0xfe,0x81,0x87,0x61,0xf0,0xff,0x0f,0x00,0x00,0x00,0x00,0x00,0x00,0x00,0x00,0x00,
  0x00,0x00,0x00,0x00,0x00,0x00,0x00,0x00,0x00,0xf0,0xff,0xff,0x7f,0x00,0xff,0x81,0x83,0x71,0xf0,0xff,0x0f,0x00,0x00,0x00,0x00,0x00,0x00,0x00,0x00,0x00,
  0x00,0x00,0x00,0x00,0x00,0x00,0x00,0x00,0x00,0xf0,0xff,0xff,0x3f,0xc0,0xff,0x81,0x81,0x19,0xf0,0xff,0x0f,0x00,0x00,0x00,0x00,0x00,0x00,0x00,0x00,0x00,
  0x00,0x00,0x00,0x00,0x00,0x00,0x00,0x00,0x00,0xf0,0xff,0xff,0x1f,0xc0,0xff,0x81,0x80,0x19,0xf0,0xff,0x0f,0x00,0x00,0x00,0x00,0x00,0x00,0x00,0x00,0x00,
  0x00,0x00,0x00,0x00,0x00,0x00,0x00,0x00,0x00,0xf0,0xff,0xff,0x0f,0xe0,0xff,0x81,0x80,0x1d,0xf0,0xff,0x0f,0x00,0x00,0x00,0x00,0x00,0x00,0x00,0x00,0x00,
  0x00,0x00,0x00,0x00,0x00,0x00,0x00,0x00,0x00,0xf0,0xff,0xff,0x07,0xe0,0xff,0x03,0x80,0x0d,0xf0,0xff,0x0f,0x00,0x00,0x00,0x00,0x00,0x00,0x00,0x00,0x00,
  0x00,0x00,0x00,0x00,0x00,0x00,0x00,0x00,0x00,0xf0,0xff,0xff,0x03,0xf8,0xff,0x03,0x00,0x07,0xf0,0xff,0x0f,0x00,0x00,0x00,0x00,0x00,0x00,0x00,0x00,0x00,
  0x00,0x00,0x00,0x00,0x00,0x00,0x00,0x00,0x00,0xf0,0xff,0xff,0x01,0xfc,0xff,0x03,0x00,0x07,0xf0,0xff,0x0f,0x00,0x00,0x00,0x00,0x00,0x00,0x00,0x00,0x00,
  0x00,0x00,0x00,0x00,0x00,0x00,0x00,0x00,0x00,0xf0,0xff,0xff,0x01,0xfc,0xff,0x03,0x00,0x03,0xf0,0xff,0x0f,0x00,0x00,0x00,0x00,0x00,0x00,0x00,0x00,0x00,
  0x00,0x00,0x00,0x00,0x00,0x00,0x00,0x00,0x00,0xf0,0xff,0xff,0x00,0xfe,0xff,0x07,0x06,0x00,0xf0,0xff,0x0f,0x00,0x00,0x00,0x00,0x00,0x00,0x00,0x00,0x00,
  0x00,0x00,0x00,0x00,0x00,0x00,0x00,0x00,0x00,0xf0,0xff,0xff,0x00,0xff,0xff,0x07,0x07,0x00,0xf0,0xff,0x0f,0x00,0x00,0x00,0x00,0x00,0x00,0x00,0x00,0x00,
  0x00,0x00,0x00,0x00,0x00,0x00,0x00,0x00,0x00,0xf0,0xff,0x7f,0x00,0xff,0xff,0x07,0x07,0x20,0xf0,0xff,0x0f,0x00,0x00,0x00,0x00,0x00,0x00,0x00,0x00,0x00,
  0x00,0x00,0x00,0x00,0x00,0x00,0x00,0x00,0x00,0xf0,0xff,0x3f,0x80,0xff,0xff,0x87,0x0f,0x20,0xf0,0xff,0x0f,0x00,0x00,0x00,0x00,0x00,0x00,0x00,0x00,0x00,
  0x00,0x00,0x00,0x00,0x00,0x00,0x00,0x00,0x00,0xf0,0xff,0x1f,0x80,0xff,0xff,0xc7,0x0f,0x30,0xf0,0xff,0x0f,0x00,0x00,0x00,0x00,0x00,0x00,0x00,0x00,0x00,
  0x00,0x00,0x00,0x00,0x00,0x00,0x00,0x00,0x00,0xf0,0xff,0x1f,0xc0,0xff,0xff,0xef,0x1f,0x30,0xf0,0xff,0x0f,0x00,0x00,0x00,0x00,0x00,0x00,0x00,0x00,0x00,
  0x00,0x00,0x00,0x00,0x00,0x00,0x00,0x00,0x00,0xf0,0xff,0x0f,0xc0,0xff,0xff,0xff,0x1f,0x38,0xf0,0xff,0x0f,0x00,0x00,0x00,0x00,0x00,0x00,0x00,0x00,0x00,
  0x00,0x00,0x00,0x00,0x00,0x00,0x00,0x00,0x00,0xf0,0xff,0x0f,0xe0,0xff,0xff,0xff,0x3f,0x3c,0xf0,0xff,0x0f,0x00,0x00,0x00,0x00,0x00,0x00,0x00,0x00,0x00,
  0x00,0x00,0x00,0x00,0x00,0x00,0x00,0x00,0x00,0xf0,0xff,0x0f,0xf0,0xff,0xff,0xff,0x3f,0x3c,0xe0,0xff,0x0f,0x00,0x00,0x00,0x00,0x00,0x00,0x00,0x00,0x00,
  0x00,0x00,0x00,0x00,0x00,0x00,0x00,0x00,0x00,0xf0,0xff,0x07,0xf0,0xff,0xff,0xff,0x3f,0x7e,0xe0,0xff,0x0f,0x00,0x00,0x00,0x00,0x00,0x00,0x00,0x00,0x00,
  0x00,0x00,0x00,0x00,0x00,0x00,0x00,0x00,0x00,0xf0,0xff,0x07,0xf0,0xff,0xff,0xff,0x7f,0x7e,0xe0,0xff,0x0f,0x00,0x00,0x00,0x00,0x00,0x00,0x00,0x00,0x00,
  0x00,0x00,0x00,0x00,0x00,0x00,0x00,0x00,0x00,0xf0,0xff,0x03,0xf8,0xff,0xff,0xff,0xff,0x7f,0xe0,0xff,0x0f,0x00,0x00,0x00,0x00,0x00,0x00,0x00,0x00,0x00,
  0x00,0x00,0x00,0x00,0x00,0x00,0x00,0x00,0x00,0xf0,0xff,0x03,0xf8,0xff,0xff,0xff,0xff,0x7f,0xe0,0xff,0x0f,0x00,0x00,0x00,0x00,0x00,0x00,0x00,0x00,0x00,
  0x00,0x00,0x00,0x00,0x00,0x00,0x00,0x00,0x00,0xf0,0xff,0x03,0xf8,0xff,0xff,0xff,0xff,0x7f,0xc0,0xff,0x0f,0x00,0x00,0x00,0x00,0x00,0x00,0x00,0x00,0x00,
  0x00,0x00,0x00,0x00,0x00,0x00,0x00,0x00,0x00,0xf0,0xff,0x01,0xf8,0xff,0xff,0xff,0xff,0x7f,0xc0,0xff,0x0f,0x00,0x00,0x00,0x00,0x00,0x00,0x00,0x00,0x00,
  0x00,0x00,0x00,0x00,0x00,0x00,0x00,0x00,0x00,0xf0,0xff,0x01,0xf8,0xff,0xff,0xff,0xff,0x7f,0xc0,0xff,0x0f,0x00,0x00,0x00,0x00,0x00,0x00,0x00,0x00,0x00,
  0x00,0x00,0x00,0x00,0x00,0x00,0x00,0x00,0x00,0xf0,0xff,0x01,0xfc,0xff,0xff,0xff,0xff,0x7f,0x80,0xff,0x0f,0x00,0x00,0x00,0x00,0x00,0x00,0x00,0x00,0x00,
  0x00,0x00,0x00,0x00,0x00,0x00,0x00,0x00,0x00,0xf0,0xff,0x01,0xfc,0xff,0xff,0xff,0xff,0xff,0x80,0xff,0x0f,0x00,0x00,0x00,0x00,0x00,0x00,0x00,0x00,0x00,
  0x00,0x00,0x00,0x00,0x00,0x00,0x00,0x00,0x00,0xf0,0xff,0x01,0xfc,0xff,0xff,0xff,0xff,0xff,0x80,0xff,0x0f,0x00,0x00,0x00,0x00,0x00,0x00,0x00,0x00,0x00,
  0x00,0x00,0x00,0x00,0x00,0x00,0x00,0x00,0x00,0xf0,0xff,0x01,0xfc,0xff,0xff,0xff,0xff,0xff,0x80,0xff,0x0f,0x00,0x00,0x00,0x00,0x00,0x00,0x00,0x00,0x00,
  0x00,0x00,0x00,0x00,0x00,0x00,0x00,0x00,0x00,0xf0,0xff,0x01,0xfc,0xff,0xff,0xff,0xff,0xff,0x80,0xff,0x0f,0x00,0x00,0x00,0x00,0x00,0x00,0x00,0x00,0x00,
  0x00,0x00,0x00,0x00,0x00,0x00,0x00,0x00,0x00,0xf0,0xff,0x01,0xfc,0xff,0xff,0xff,0xff,0xff,0x80,0xff,0x0f,0x00,0x00,0x00,0x00,0x00,0x00,0x00,0x00,0x00,
  0x00,0x00,0x00,0x00,0x00,0x00,0x00,0x00,0x00,0xf0,0xff,0x01,0xfc,0xff,0xff,0xff,0xff,0xff,0x80,0xff,0x0f,0x00,0x00,0x00,0x00,0x00,0x00,0x00,0x00,0x00,
  0x00,0x00,0x00,0x00,0x00,0x00,0x00,0x00,0x00,0xf0,0xff,0x01,0xfc,0xff,0xff,0xff,0xff,0xff,0x80,0xff,0x0f,0x00,0x00,0x00,0x00,0x00,0x00,0x00,0x00,0x00,
  0x00,0x00,0x00,0x00,0x00,0x00,0x00,0x00,0x00,0xf0,0xff,0x01,0xfc,0xff,0xff,0xff,0xff,0xff,0x80,0xff,0x0f,0x00,0x00,0x00,0x00,0x00,0x00,0x00,0x00,0x00,
  0x00,0x00,0x00,0x00,0x00,0x00,0x00,0x00,0x00,0xf0,0xff,0x01,0xfc,0xff,0xff,0xff,0xff,0xff,0x80,0xff,0x0f,0x00,0x00,0x00,0x00,0x00,0x00,0x00,0x00,0x00,
  0x00,0x00,0x00,0x00,0x00,0x00,0x00,0x00,0x00,0xf0,0xff,0x01,0xfc,0xff,0xff,0xff,0xff,0xff,0x80,0xff,0x0f,0x00,0x00,0x00,0x00,0x00,0x00,0x00,0x00,0x00,
  0x00,0x00,0x00,0x00,0x00,0x00,0x00,0x00,0x00,0xf0,0xff,0x01,0xfc,0xff,0xff,0xff,0xff,0xff,0x80,0xff,0x0f,0x00,0x00,0x00,0x00,0x00,0x00,0x00,0x00,0x00,
  0x00,0x00,0x00,0x00,0x00,0x00,0x00,0x00,0x00,0xf0,0xff,0x01,0xf8,0xff,0xff,0xff,0xff,0xff,0x80,0xff,0x0f,0x00,0x00,0x00,0x00,0x00,0x00,0x00,0x00,0x00,
  0x00,0x00,0x00,0x00,0x00,0x00,0x00,0x00,0x00,0xf0,0xff,0x01,0xf8,0xff,0xff,0xff,0xff,0xff,0x80,0xff,0x0f,0x00,0x00,0x00,0x00,0x00,0x00,0x00,0x00,0x00,
  0x00,0x00,0x00,0x00,0x00,0x00,0x00,0x00,0x00,0xf0,0xff,0x01,0xf8,0xff,0xff,0xff,0xff,0x7f,0x80,0xff,0x0f,0x00,0x00,0x00,0x00,0x00,0x00,0x00,0x00,0x00,
  0x00,0x00,0x00,0x00,0x00,0x00,0x00,0x00,0x00,0xf0,0xff,0x01,0xf8,0xff,0xff,0xff,0xff,0x7f,0x80,0xff,0x0f,0x00,0x00,0x00,0x00,0x00,0x00,0x00,0x00,0x00,
  0x00,0x00,0x00,0x00,0x00,0x00,0x00,0x00,0x00,0xf0,0xff,0x01,0xf8,0xff,0xff,0xff,0xff,0x7f,0x80,0xff,0x0f,0x00,0x00,0x00,0x00,0x00,0x00,0x00,0x00,0x00,
  0x00,0x00,0x00,0x00,0x00,0x00,0x00,0x00,0x00,0xf0,0xff,0x03,0xf8,0xff,0xff,0xff,0xff,0x7f,0x80,0xff,0x0f,0x00,0x00,0x00,0x00,0x00,0x00,0x00,0x00,0x00,
  0x00,0x00,0x00,0x00,0x00,0x00,0x00,0x00,0x00,0xf0,0xff,0x03,0xf8,0xff,0xff,0xff,0xff,0x3f,0xc0,0xff,0x0f,0x00,0x00,0x00,0x00,0x00,0x00,0x00,0x00,0x00,
  0x00,0x00,0x00,0x00,0x00,0x00,0x00,0x00,0x00,0xf0,0xff,0x07,0xf0,0xff,0xff,0xff,0xff,0x3f,0xc0,0xff,0x0f,0x00,0x00,0x00,0x00,0x00,0x00,0x00,0x00,0x00,
  0x00,0x00,0x00,0x00,0x00,0x00,0x00,0x00,0x00,0xf0,0xff,0x07,0xf0,0xff,0xff,0xff,0xff,0x1f,0xc0,0xff,0x0f,0x00,0x00,0x00,0x00,0x00,0x00,0x00,0x00,0x00,
  0x00,0x00,0x00,0x00,0x00,0x00,0x00,0x00,0x00,0xf0,0xff,0x07,0xf0,0xff,0xff,0xff,0xff,0x1f,0xe0,0xff,0x0f,0x00,0x00,0x00,0x00,0x00,0x00,0x00,0x00,0x00,
  0x00,0x00,0x00,0x00,0x00,0x00,0x00,0x00,0x00,0xf0,0xff,0x0f,0xe0,0xff,0xff,0xff,0xff,0x1f,0xf0,0xff,0x0f,0x00,0x00,0x00,0x00,0x00,0x00,0x00,0x00,0x00,
  0x00,0x00,0x00,0x00,0x00,0x00,0x00,0x00,0x00,0xf0,0xff,0x0f,0xc0,0xff,0xff,0xff,0xff,0x1f,0xf0,0xff,0x0f,0x00,0x00,0x00,0x00,0x00,0x00,0x00,0x00,0x00,
  0x00,0x00,0x00,0x00,0x00,0x00,0x00,0x00,0x00,0xf0,0xff,0x1f,0xc0,0xff,0xff,0xff,0xff,0x0f,0xf0,0xff,0x0f,0x00,0x00,0x00,0x00,0x00,0x00,0x00,0x00,0x00,
  0x00,0x00,0x00,0x00,0x00,0x00,0x00,0x00,0x00,0xf0,0xff,0x1f,0xc0,0xff,0xff,0xff,0xff,0x0f,0xf8,0xff,0x0f,0x00,0x00,0x00,0x00,0x00,0x00,0x00,0x00,0x00,
  0x00,0x00,0x00,0x00,0x00,0x00,0x00,0x00,0x00,0xf0,0xff,0x3f,0x80,0xff,0xff,0xff,0xff,0x07,0xfc,0xff,0x0f,0x00,0x00,0x00,0x00,0x00,0x00,0x00,0x00,0x00,
  0x00,0x00,0x00,0x00,0x00,0x00,0x00,0x00,0x00,0xf0,0xff,0x3f,0x80,0xff,0xff,0xff,0xff,0x03,0xfc,0xff,0x0f,0x00,0x00,0x00,0x00,0x00,0x00,0x00,0x00,0x00,
  0x00,0x00,0x00,0x00,0x00,0x00,0x00,0x00,0x00,0xf0,0xff,0x7f,0x80,0xff,0xff,0xff,0xff,0x01,0xfe,0xff,0x0f,0x00,0x00,0x00,0x00,0x00,0x00,0x00,0x00,0x00,
  0x00,0x00,0x00,0x00,0x00,0x00,0x00,0x00,0x00,0xf0,0xff,0xff,0x00,0xff,0xff,0xff,0xff,0x01,0xff,0xff,0x0f,0x00,0x00,0x00,0x00,0x00,0x00,0x00,0x00,0x00,
  0x00,0x00,0x00,0x00,0x00,0x00,0x00,0x00,0x00,0xf0,0xff,0xff,0x00,0xfe,0xff,0xff,0xff,0x00,0xff,0xff,0x0f,0x00,0x00,0x00,0x00,0x00,0x00,0x00,0x00,0x00,
  0x00,0x00,0x00,0x00,0x00,0x00,0x00,0x00,0x00,0xf0,0xff,0xff,0x01,0xfe,0xff,0xff,0xff,0x80,0xff,0xff,0x0f,0x00,0x00,0x00,0x00,0x00,0x00,0x00,0x00,0x00,
  0x00,0x00,0x00,0x00,0x00,0x00,0x00,0x00,0x00,0xf0,0xff,0xff,0x01,0xfe,0xff,0xff,0x7f,0x80,0xff,0xff,0x0f,0x00,0x00,0x00,0x00,0x00,0x00,0x00,0x00,0x00,
  0x00,0x00,0x00,0x00,0x00,0x00,0x00,0x00,0x00,0xf0,0xff,0xff,0x07,0xfc,0xff,0xff,0x3f,0xe0,0xff,0xff,0x0f,0x00,0x00,0x00,0x00,0x00,0x00,0x00,0x00,0x00,
  0x00,0x00,0x00,0x00,0x00,0x00,0x00,0x00,0x00,0xf0,0xff,0xff,0x07,0xfc,0xff,0xff,0x3f,0xe0,0xff,0xff,0x0f,0x00,0x00,0x00,0x00,0x00,0x00,0x00,0x00,0x00,
  0x00,0x00,0x00,0x00,0x00,0x00,0x00,0x00,0x00,0xf0,0xff,0xff,0x0f,0xfc,0xff,0xff,0x3f,0xf0,0xff,0xff,0x0f,0x00,0x00,0x00,0x00,0x00,0x00,0x00,0x00,0x00,
  0x00,0x00,0x00,0x00,0x00,0x00,0x00,0x00,0x00,0xf0,0xff,0xff,0xff,0xff,0xff,0xff,0xff,0xff,0xff,0xff,0x0f,0x00,0x00,0x00,0x00,0x00,0x00,0x00,0x00,0x00,
  0x00,0x00,0x00,0x00,0x00,0x00,0x00,0x00,0x00,0xf0,0xff,0xff,0xff,0xff,0xff,0xff,0xff,0xff,0xff,0xff,0x0f,0x00,0x00,0x00,0x00,0x00,0x00,0x00,0x00,0x00,
  0x00,0x00,0x00,0x00,0x00,0x00,0x00,0x00,0x00,0xf0,0xff,0xff,0xff,0xff,0xff,0xff,0xff,0xff,0xff,0xff,0x0f,0x00,0x00,0x00,0x00,0x00,0x00,0x00,0x00,0x00,
  0x00,0x00,0x00,0x00,0x00,0x00,0x00,0x00,0x00,0xf0,0xff,0xff,0xff,0xff,0xff,0xff,0xff,0xff,0xff,0xff,0x0f,0x00,0x00,0x00,0x00,0x00,0x00,0x00,0x00,0x00,
  0x00,0x00,0x00,0x00,0x00,0x00,0x00,0x00,0x00,0xf0,0x07,0xe0,0x07,0xc0,0x1f,0x0c,0xfc,0xc0,0x07,0xff,0x0f,0x00,0x00,0x00,0x00,0x00,0x00,0x00,0x00,0x00,
  0x00,0x00,0x00,0x00,0x00,0x00,0x00,0x00,0x00,0xf0,0x07,0x80,0x07,0x80,0x1f,0x0c,0xfc,0xc0,0x07,0xff,0x0f,0x00,0x00,0x00,0x00,0x00,0x00,0x00,0x00,0x00,
  0x00,0x00,0x00,0x00,0x00,0x00,0x00,0x00,0x00,0xf0,0x07,0x00,0x07,0x00,0x1f,0x1c,0xfc,0xe0,0x03,0xff,0x0f,0x00,0x00,0x00,0x00,0x00,0x00,0x00,0x00,0x00,
  0x00,0x00,0x00,0x00,0x00,0x00,0x00,0x00,0x00,0xf0,0x07,0x00,0x07,0x00,0x1e,0x1c,0xfc,0xe0,0x03,0xfe,0x0f,0x00,0x00,0x00,0x00,0x00,0x00,0x00,0x00,0x00,
  0x00,0x00,0x00,0x00,0x00,0x00,0x00,0x00,0x00,0xf0,0x07,0x06,0x06,0x03,0x1e,0x1c,0xfc,0xe0,0x01,0xfc,0x0f,0x00,0x00,0x00,0x00,0x00,0x00,0x00,0x00,0x00,
  0x00,0x00,0x00,0x00,0x00,0x00,0x00,0x00,0x00,0xf0,0x07,0x0e,0x06,0x07,0x1e,0x3c,0x78,0xf0,0x01,0xfc,0x0f,0x00,0x00,0x00,0x00,0x00,0x00,0x00,0x00,0x00,
  0x00,0x00,0x00,0x00,0x00,0x00,0x00,0x00,0x00,0xf0,0x07,0x0e,0x06,0x07,0x1e,0x3c,0x78,0xf0,0x00,0xfc,0x0f,0x00,0x00,0x00,0x00,0x00,0x00,0x00,0x00,0x00,
  0x00,0x00,0x00,0x00,0x00,0x00,0x00,0x00,0x00,0xf0,0x07,0x06,0x06,0x03,0x1e,0x3c,0x78,0xf0,0x00,0xf8,0x0f,0x00,0x00,0x00,0x00,0x00,0x00,0x00,0x00,0x00,
  0x00,0x00,0x00,0x00,0x00,0x00,0x00,0x00,0x00,0xf0,0x07,0x00,0x07,0x00,0x1f,0x7c,0x30,0xf8,0x20,0xf8,0x0f,0x00,0x00,0x00,0x00,0x00,0x00,0x00,0x00,0x00,
  0x00,0x00,0x00,0x00,0x00,0x00,0x00,0x00,0x00,0xf0,0x07,0x00,0x07,0x80,0x1f,0x7c,0x30,0xf8,0x70,0xf8,0x0f,0x00,0x00,0x00,0x00,0x00,0x00,0x00,0x00,0x00,
  0x00,0x00,0x00,0x00,0x00,0x00,0x00,0x00,0x00,0xf0,0x07,0x80,0x07,0x80,0x1f,0x7c,0x00,0x78,0x70,0xf8,0x0f,0x00,0x00,0x00,0x00,0x00,0x00,0x00,0x00,0x00,
  0x00,0x00,0x00,0x00,0x00,0x00,0x00,0x00,0x00,0xf0,0x07,0xc0,0x07,0x00,0x1f,0xfc,0x00,0x7c,0x00,0xf0,0x0f,0x00,0x00,0x00,0x00,0x00,0x00,0x00,0x00,0x00,
  0x00,0x00,0x00,0x00,0x00,0x00,0x00,0x00,0x00,0xf0,0x07,0xfe,0x07,0x03,0x1f,0xfc,0x00,0x3c,0x00,0xf0,0x0f,0x00,0x00,0x00,0x00,0x00,0x00,0x00,0x00,0x00,
  0x00,0x00,0x00,0x00,0x00,0x00,0x00,0x00,0x00,0xf0,0x07,0xfe,0x07,0x03,0x1f,0xfc,0x00,0x3c,0x00,0xe0,0x0f,0x00,0x00,0x00,0x00,0x00,0x00,0x00,0x00,0x00,
  0x00,0x00,0x00,0x00,0x00,0x00,0x00,0x00,0x00,0xf0,0x07,0xfe,0x07,0x07,0x1e,0xfc,0x01,0x1e,0x00,0xe0,0x0f,0x00,0x00,0x00,0x00,0x00,0x00,0x00,0x00,0x00,
  0x00,0x00,0x00,0x00,0x00,0x00,0x00,0x00,0x00,0xf0,0x07,0xfe,0x07,0x07,0x1e,0xfc,0x01,0x1e,0x00,0xc0,0x0f,0x00,0x00,0x00,0x00,0x00,0x00,0x00,0x00,0x00,
  0x00,0x00,0x00,0x00,0x00,0x00,0x00,0x00,0x00,0xf0,0x07,0xfe,0x07,0x07,0x1e,0xfc,0x01,0x1e,0xf8,0xc0,0x0f,0x00,0x00,0x00,0x00,0x00,0x00,0x00,0x00,0x00,
  0x00,0x00,0x00,0x00,0x00,0x00,0x00,0x00,0x00,0xf0,0x07,0xfe,0x07,0x0f,0x1c,0xfc,0x03,0x1f,0xfc,0xc1,0x0f,0x00,0x00,0x00,0x00,0x00,0x00,0x00,0x00,0x00,
  0x00,0x00,0x00,0x00,0x00,0x00,0x00,0x00,0x00,0xf0,0x07,0xfe,0x07,0x0f,0x1c,0xfc,0x03,0x0f,0xfc,0x81,0x0f,0x00,0x00,0x00,0x00,0x00,0x00,0x00,0x00,0x00,
  0x00,0x00,0x00,0x00,0x00,0x00,0x00,0x00,0x00,0xf0,0x07,0xfe,0x07,0x1f,0x1c,0xfc,0x87,0x0f,0xfc,0x81,0x0f,0x00,0x00,0x00,0x00,0x00,0x00,0x00,0x00,0x00,
  0x00,0x00,0x00,0x00,0x00,0x00,0x00,0x00,0x00,0xf0,0xff,0xff,0xff,0xff,0xff,0xff,0xff,0xff,0xff,0xff,0x07,0x00,0x00,0x00,0x00,0x00,0x00,0x00,0x00,0x00,
  0x00,0x00,0x00,0x00,0x00,0x00,0x00,0x00,0x00,0xf0,0xff,0xff,0xff,0xff,0xff,0xff,0xff,0xff,0xff,0xff,0x07,0x00,0x00,0x00,0x00,0x00,0x00,0x00,0x00,0x00,
  0x00,0x00,0x00,0x00,0x00,0x00,0x00,0x00,0x00,0xe0,0xff,0xff,0xff,0xff,0xff,0xff,0xff,0xff,0xff,0xff,0x07,0x00,0x00,0x00,0x00,0x00,0x00,0x00,0x00,0x00,
  0x00,0x00,0x00,0x00,0x00,0x00,0x00,0x00,0x00,0xe0,0xff,0xff,0xff,0xff,0xff,0xff,0xff,0xff,0xff,0xff,0x03,0x00,0x00,0x00,0x00,0x00,0x00,0x00,0x00,0x00,
  0x00,0x00,0x00,0x00,0x00,0x00,0x00,0x00,0x00,0xc0,0xff,0xff,0xff,0xff,0xff,0xff,0xff,0xff,0xff,0xff,0x03,0x00,0x00,0x00,0x00,0x00,0x00,0x00,0x00,0x00,
  0x00,0x00,0x00,0x00,0x00,0x00,0x00,0x00,0x00,0x80,0xff,0xff,0xff,0xff,0xff,0xff,0xff,0xff,0xff,0xff,0x01,0x00,0x00,0x00,0x00,0x00,0x00,0x00,0x00,0x00,
  0x00,0x00,0x00,0x00,0x00,0x00,0x00,0x00,0x00,0x00,0xff,0xff,0xff,0xff,0xff,0xff,0xff,0xff,0xff,0xff,0x00,0x00,0x00,0x00,0x00,0x00,0x00,0x00,0x00,0x00,
  0x00,0x00,0x00,0x00,0x00,0x00,0x00,0x00,0x00,0x00,0xf8,0xff,0xff,0xff,0xff,0xff,0xff,0xff,0xff,0x0f,0x00,0x00,0x00,0x00,0x00,0x00,0x00,0x00,0x00,0x00,
  0x00,0x00,0x00,0x00,0x00,0x00,0x00,0x00,0x00,0x00,0x00,0x00,0x00,0x00,0x00,0x00,0x00,0x00,0x00,0x00,0x00,0x00,0x00,0x00,0x00,0x00,0x00,0x00,0x00,0x00,
};
s_bitmap const priva_ico = { 240, 128, priva_ico_data };
//-----------------------------------------------------------------------------
unsigned char const cogas_noord_ico_data[] =
{
  0x00,0x00,0x00,0x00,0x00,0x00,0x00,0x00,0x00,0x00,0x00,0x00,0x00,0x00,0x00,0x00,0x00,0x00,0x00,0x00,0x00,0x00,0x00,0x00,0x00,0x00,0x00,0x00,0x00,0x00,
  0x00,0x00,0x00,0x00,0x00,0x00,0x00,0x00,0x00,0x00,0x00,0x00,0x00,0x00,0x00,0x00,0x00,0x00,0x00,0x00,0x00,0x00,0x00,0x00,0x00,0x00,0x00,0x00,0x00,0x00,
  0x00,0x00,0x00,0x00,0x00,0x00,0x00,0x00,0x00,0x00,0x00,0x00,0x00,0x00,0x00,0x00,0x00,0x00,0x00,0x00,0x00,0x00,0x00,0x00,0x00,0x00,0x00,0x00,0x00,0x00,
  0x00,0x00,0x00,0x00,0x00,0x00,0x00,0x00,0x00,0x00,0x00,0x00,0x00,0x00,0x00,0x00,0x00,0x00,0x00,0x00,0x00,0x00,0x00,0x00,0x00,0x00,0x00,0x00,0x00,0x00,
  0x00,0x00,0x00,0x00,0x00,0x00,0x00,0x00,0x00,0x00,0x00,0x00,0x00,0x00,0x00,0x00,0x00,0x00,0x00,0x00,0x00,0x00,0x00,0x00,0x00,0x00,0x00,0x00,0x00,0x00,
  0x00,0x00,0x00,0x00,0x00,0x00,0x00,0x00,0x00,0x00,0x00,0x00,0x00,0x00,0x00,0x00,0x00,0x00,0x00,0x00,0x00,0x00,0x00,0x00,0x00,0x00,0x00,0x00,0x00,0x00,
  0x00,0x00,0x00,0x00,0x00,0x00,0x00,0x00,0x00,0x00,0x00,0x00,0x00,0x00,0x00,0x00,0x00,0x00,0x00,0x00,0x00,0x00,0x00,0x00,0x00,0x00,0x00,0x00,0x00,0x00,
  0x00,0x00,0x00,0x00,0x00,0x00,0x00,0x00,0x00,0x00,0x00,0x00,0x00,0x00,0x00,0x00,0x00,0x00,0x00,0x00,0x00,0x00,0x00,0x00,0x00,0x00,0x00,0x00,0x00,0x00,
  0x00,0x00,0x00,0x00,0x00,0x00,0x00,0x00,0x00,0x00,0x00,0x00,0x00,0x00,0x00,0x00,0x00,0x00,0x00,0x00,0x00,0x00,0x00,0x00,0x00,0x00,0x00,0x00,0x00,0x00,
  0x00,0x00,0x00,0x00,0x00,0x00,0x00,0x00,0x00,0x00,0x00,0x00,0x00,0x00,0x00,0x00,0x00,0x00,0x00,0x00,0x00,0x00,0x00,0x00,0x00,0x00,0x00,0x00,0x00,0x00,
  0x00,0x00,0x00,0x00,0x00,0x00,0x00,0x00,0x00,0x00,0x00,0x00,0x00,0x00,0x00,0x00,0x00,0x00,0x00,0x00,0x00,0x00,0x00,0x00,0x00,0x00,0x00,0x00,0x00,0x00,
  0x00,0x00,0x00,0x00,0x00,0x00,0x00,0x00,0x00,0x00,0x00,0x00,0x00,0x00,0x00,0x00,0x00,0x00,0x00,0x00,0x00,0x00,0x00,0x00,0x00,0x00,0x00,0x00,0x00,0x00,
  0x00,0x00,0x00,0x00,0x00,0x00,0x00,0x00,0x00,0x00,0x00,0x00,0x00,0x00,0x00,0x00,0x00,0x00,0x00,0x00,0x00,0x00,0x00,0x00,0x00,0x00,0x00,0x00,0x00,0x00,
  0x00,0x00,0x00,0x00,0x00,0x00,0x00,0x00,0x00,0x00,0x00,0x00,0x00,0x00,0x00,0x00,0x00,0x00,0x00,0x00,0x00,0x00,0x00,0x00,0x00,0x00,0x00,0x00,0x00,0x00,
  0x00,0x00,0x00,0x00,0x00,0x00,0x00,0x00,0x00,0x00,0x00,0x00,0x00,0x00,0x00,0x00,0x00,0x00,0x00,0x00,0x00,0x00,0x00,0x00,0x00,0x00,0x00,0x00,0x00,0x00,
  0x00,0x00,0x00,0x00,0x00,0x00,0x00,0x00,0x00,0x00,0x00,0x00,0x00,0x00,0x00,0x00,0x00,0x00,0x00,0x00,0x00,0x00,0x00,0x00,0x00,0x00,0x00,0x00,0x00,0x00,
  0x00,0x00,0x00,0x00,0x00,0x00,0x00,0x00,0x00,0x00,0x00,0x00,0x00,0x00,0x00,0x00,0x00,0x00,0x00,0x00,0x00,0x00,0x00,0x00,0x00,0x00,0x00,0x00,0x00,0x00,
  0x00,0x00,0x00,0x00,0x00,0x00,0x00,0x00,0x00,0x00,0x00,0x00,0x00,0x00,0x00,0x00,0x00,0x00,0x00,0x00,0x00,0x00,0x00,0x00,0x00,0x00,0x00,0x00,0x00,0x00,
  0x00,0x00,0x00,0x00,0x00,0x00,0x00,0x00,0x00,0x00,0x00,0x00,0x00,0x00,0x00,0x00,0x00,0x00,0x00,0x00,0x00,0x00,0x00,0x00,0x00,0x00,0x00,0x00,0x00,0x00,
  0x00,0x00,0x00,0x00,0x00,0x00,0x00,0x00,0x00,0x00,0x00,0x00,0x00,0x00,0x00,0x00,0x00,0x00,0x00,0x00,0x00,0x00,0x00,0x00,0x00,0x00,0x00,0x00,0x00,0x00,
  0x00,0x00,0x00,0x00,0x00,0x00,0x00,0x00,0x00,0x00,0x00,0x00,0x00,0x00,0x00,0x00,0x00,0x00,0x00,0x00,0x00,0x00,0x00,0x00,0x00,0x00,0x00,0x00,0x00,0x00,
  0x00,0x00,0x00,0x00,0x00,0x00,0x00,0x00,0x00,0x00,0x00,0x00,0x00,0x00,0x00,0x00,0x00,0x00,0x00,0x00,0x00,0x00,0x00,0x00,0x00,0x00,0x00,0x00,0x00,0x00,
  0x00,0x00,0x00,0x00,0x00,0x00,0x00,0x00,0x00,0x00,0x00,0x00,0x00,0x00,0x00,0x00,0x00,0x00,0x00,0x00,0x00,0x00,0x00,0x00,0x00,0x00,0x00,0x00,0x00,0x00,
  0x00,0x00,0x00,0x00,0x00,0x00,0x00,0x00,0x00,0x00,0x00,0x00,0x00,0x00,0x00,0x00,0x00,0x00,0x00,0x00,0x00,0x00,0x00,0x00,0x00,0x00,0x00,0x00,0x00,0x00,
  0x00,0x00,0x00,0x00,0x00,0x00,0x00,0x00,0x00,0x00,0x00,0x00,0x00,0x00,0x00,0x00,0x00,0x00,0x00,0x00,0x00,0x00,0x00,0x00,0x00,0x00,0x00,0x00,0x00,0x00,
  0x00,0x00,0x00,0x00,0x00,0x00,0x00,0x00,0x00,0x00,0x00,0x00,0x00,0x00,0x00,0x00,0x00,0x00,0x00,0x00,0x00,0x00,0x00,0x00,0x00,0x00,0x00,0x00,0x00,0x00,
  0x00,0x00,0x00,0x00,0x00,0x00,0x00,0x00,0x00,0x00,0x00,0x00,0x00,0x00,0x00,0x00,0x00,0x00,0x00,0x00,0x00,0x00,0x00,0x00,0x00,0x00,0x00,0x00,0x00,0x00,
  0x00,0x00,0x00,0x00,0x00,0x00,0x00,0x00,0x00,0x00,0x00,0x00,0x00,0x00,0x00,0x00,0x00,0x00,0x00,0x00,0x00,0x00,0x00,0x00,0x00,0x00,0x00,0x00,0x00,0x00,
  0x00,0x00,0x00,0x00,0x00,0x00,0x00,0x00,0x00,0x00,0x00,0x00,0x00,0x00,0x00,0x00,0x00,0x00,0x00,0x00,0x00,0x00,0x00,0x00,0x00,0x00,0x00,0x00,0x00,0x00,
  0x00,0x00,0x00,0x00,0x00,0x00,0x00,0x00,0x00,0x00,0x00,0x00,0x00,0x00,0x00,0x00,0x00,0x00,0x00,0x00,0x00,0x00,0x00,0x00,0x00,0x00,0x00,0x00,0x00,0x00,
  0x00,0x00,0x00,0x00,0x00,0x00,0x00,0x00,0x00,0x00,0x00,0x00,0x00,0x00,0x00,0x00,0x00,0x00,0x00,0x00,0x00,0x00,0x00,0x00,0x00,0x00,0x00,0x00,0x00,0x00,
  0x00,0x00,0x00,0x00,0x00,0x00,0x00,0x00,0x00,0x00,0x00,0x00,0x00,0x00,0x00,0x00,0x00,0x00,0x00,0x00,0x00,0x00,0x00,0x00,0x00,0x00,0x00,0x00,0x00,0x00,
  0x00,0x00,0x00,0x00,0x00,0x00,0x00,0x00,0x00,0x00,0x00,0x00,0x00,0x00,0x00,0x00,0x00,0x00,0x00,0x00,0x00,0x00,0x00,0x00,0x00,0x00,0x00,0x00,0x00,0x00,
  0x00,0x00,0x00,0x00,0xfc,0x03,0x00,0x00,0x00,0xfe,0x00,0x00,0x00,0x00,0xe0,0x1f,0x00,0x00,0x00,0x00,0x00,0x00,0x00,0x00,0xfe,0x7f,0x00,0x00,0x00,0x00,
  0x00,0x00,0x00,0xe0,0xff,0x7f,0x00,0x00,0xf0,0xff,0x3f,0x00,0x00,0x00,0xff,0xff,0x03,0x00,0x00,0xf0,0x7f,0x00,0x00,0xc0,0xff,0xff,0x0f,0x00,0x00,0x00,
  0x00,0x00,0x00,0xf0,0xff,0xff,0x00,0x00,0xfc,0xff,0x7f,0x00,0x00,0x80,0xff,0xff,0x07,0x00,0x00,0xf0,0x7f,0x00,0x00,0xe0,0xff,0xff,0x1f,0x00,0x00,0x00,
  0x00,0x00,0x00,0xfc,0xff,0xff,0x03,0x00,0xfe,0xff,0xff,0x00,0x00,0xe0,0xff,0xff,0x0f,0x00,0x00,0xf8,0x7f,0x00,0x00,0xf8,0xff,0xff,0x7f,0x00,0x00,0x00,
  0x00,0x00,0x00,0xff,0xff,0xff,0x07,0x80,0xff,0xff,0xff,0x03,0x00,0xf8,0xff,0xff,0x3f,0x00,0x00,0xfc,0xff,0x00,0x00,0xfc,0xff,0xff,0xff,0x01,0x00,0x00,
  0x00,0x00,0x00,0xff,0xff,0xff,0x0f,0xc0,0xff,0xff,0xff,0x07,0x00,0xfc,0xff,0xff,0x7f,0x00,0x00,0xfc,0xff,0x00,0x00,0xfc,0xff,0xff,0xff,0x03,0x00,0x00,
  0x00,0x00,0x80,0xff,0xff,0xff,0x1f,0xe0,0xff,0xff,0xff,0x0f,0x00,0xfe,0xff,0xff,0xff,0x00,0x00,0xfc,0xff,0x01,0x00,0xfe,0x3f,0xf8,0xff,0x03,0x00,0x00,
  0x00,0x00,0xe0,0xff,0x00,0xf0,0x3f,0xf0,0x7f,0x00,0xf8,0x0f,0x00,0xfe,0x07,0x80,0xff,0x01,0x00,0xfc,0xff,0x01,0x00,0xfe,0x01,0x00,0xfe,0x01,0x00,0x00,
  0x00,0x00,0xe0,0x7f,0x00,0xe0,0x3f,0xf0,0x3f,0x00,0xf0,0x1f,0x00,0xff,0x03,0x00,0xff,0x00,0x00,0xfe,0xfd,0x03,0x00,0xff,0x00,0x00,0xfc,0x00,0x00,0x00,
  0x00,0x00,0xe0,0x3f,0x00,0xc0,0x0f,0xf8,0x0f,0x00,0xe0,0x3f,0x00,0xff,0x00,0x00,0x7e,0x00,0x00,0xfe,0xfd,0x03,0x00,0x7f,0x00,0x00,0x70,0x00,0x00,0x00,
  0x00,0x00,0xf0,0x0f,0x00,0x00,0x03,0xfc,0x03,0x00,0xc0,0x7f,0x80,0x7f,0x00,0x00,0x38,0x00,0x00,0xff,0xf8,0x03,0x00,0x7f,0x00,0x00,0x00,0x00,0x00,0x00,
  0x00,0x00,0xf8,0x0f,0x00,0x00,0x00,0xfc,0x03,0x00,0x80,0x7f,0xc0,0x3f,0x00,0x00,0x10,0x00,0x80,0xff,0xf8,0x07,0x00,0xff,0x00,0x00,0x00,0x00,0x00,0x00,
  0x00,0x00,0xf8,0x07,0x00,0x00,0x00,0xfc,0x01,0x00,0x00,0xff,0xc0,0x3f,0x00,0x00,0x00,0x00,0x80,0x7f,0xf0,0x07,0x00,0xff,0x01,0x00,0x00,0x00,0x00,0x00,
  0x00,0x00,0xf8,0x03,0x00,0x00,0x00,0xfe,0x00,0x00,0x00,0xfe,0xc0,0x1f,0x00,0x00,0x00,0x00,0x80,0x3f,0xe0,0x0f,0x00,0xfe,0xff,0x3f,0x00,0x00,0x00,0x00,
  0x00,0x00,0xfc,0x01,0x00,0x00,0x00,0xfe,0x00,0x00,0x00,0xfe,0xc0,0x1f,0x00,0x00,0x00,0x00,0x80,0x3f,0xe0,0x1f,0x00,0xfc,0xff,0xff,0x07,0x00,0x00,0x00,
  0x00,0x00,0xfc,0x01,0x00,0x00,0x00,0xfe,0x00,0x00,0x00,0xfe,0xc0,0x1f,0x00,0x00,0x00,0x00,0xc0,0x1f,0xc0,0x1f,0x00,0xfc,0xff,0xff,0x1f,0x00,0x00,0x00,
  0x00,0x00,0xfc,0x01,0x00,0x00,0x00,0xfe,0x00,0x00,0x00,0xfe,0xc0,0x1f,0x00,0xff,0xff,0x03,0xc0,0x1f,0xc0,0x3f,0x00,0xfc,0xff,0xff,0x7f,0x00,0x00,0x00,
  0x00,0x00,0xfc,0x01,0x00,0x00,0x00,0xfe,0x00,0x00,0x00,0xfe,0xc0,0x1f,0x00,0xff,0xff,0x03,0xe0,0x1f,0xc0,0x3f,0x00,0xf0,0xff,0xff,0xff,0x01,0x00,0x00,
  0x00,0x00,0xfc,0x01,0x00,0x00,0x00,0xfe,0x00,0x00,0x00,0xfe,0xc0,0x1f,0x00,0xff,0xff,0x03,0xf0,0x0f,0x80,0x3f,0x00,0xc0,0xff,0xff,0xff,0x03,0x00,0x00,
  0x00,0x00,0xfc,0x01,0x00,0x00,0x00,0xfe,0x00,0x00,0x00,0xfe,0xc0,0x1f,0x00,0xff,0xff,0x03,0xf0,0x0f,0x80,0x3f,0x00,0x00,0xff,0xff,0xff,0x03,0x00,0x00,
  0x00,0x00,0xf8,0x03,0x00,0x00,0x00,0xfe,0x01,0x00,0x00,0xff,0xc0,0x1f,0x00,0xff,0xff,0x03,0xf0,0xff,0xff,0x7f,0x00,0x00,0x00,0x80,0xff,0x07,0x00,0x00,
  0x00,0x00,0xf8,0x07,0x00,0x00,0x00,0xfc,0x01,0x00,0x00,0xff,0xc0,0x1f,0x00,0x00,0xf8,0x03,0xf8,0xff,0xff,0xff,0x00,0x00,0x00,0x00,0xf8,0x07,0x00,0x00,
  0x00,0x00,0xf8,0x07,0x00,0x00,0x00,0xfc,0x03,0x00,0x80,0x7f,0xc0,0x3f,0x00,0x00,0xf8,0x03,0xf8,0xff,0xff,0xff,0x00,0x00,0x00,0x00,0xf0,0x07,0x00,0x00,
  0x00,0x00,0xf0,0x0f,0x00,0x80,0x03,0xf8,0x07,0x00,0xc0,0x7f,0x80,0x7f,0x00,0x00,0xf8,0x03,0xfc,0xff,0xff,0xff,0x01,0x18,0x00,0x00,0xf0,0x07,0x00,0x00,
  0x00,0x00,0xe0,0x1f,0x00,0x80,0x07,0xf8,0x0f,0x00,0xc0,0x3f,0x80,0xff,0x00,0x00,0xf8,0x03,0xfc,0xff,0xff,0xff,0x01,0x3c,0x00,0x00,0xf0,0x07,0x00,0x00,
  0x00,0x00,0xe0,0x3f,0x00,0xc0,0x1f,0xf0,0x1f,0x00,0xf0,0x1f,0x00,0xff,0x01,0x00,0xf8,0x03,0xfe,0xff,0xff,0xff,0x01,0xfe,0x00,0x00,0xf0,0x07,0x00,0x00,
  0x00,0x00,0xc0,0xff,0x03,0xf8,0x3f,0xf0,0xff,0x00,0xfe,0x0f,0x00,0xfe,0x0f,0x00,0xfe,0x03,0xff,0x00,0x00,0xfc,0x03,0xff,0x07,0x00,0xfe,0x07,0x00,0x00,
  0x00,0x00,0xc0,0xff,0xff,0xff,0x3f,0xe0,0xff,0xff,0xff,0x0f,0x00,0xfe,0xff,0xff,0xff,0x03,0xff,0x00,0x00,0xfc,0x83,0xff,0x7f,0xc0,0xff,0x07,0x00,0x00,
  0x00,0x00,0x80,0xff,0xff,0xff,0x1f,0xc0,0xff,0xff,0xff,0x07,0x00,0xfc,0xff,0xff,0xff,0x03,0x7f,0x00,0x00,0xf8,0x07,0xff,0xff,0xff,0xff,0x03,0x00,0x00,
  0x00,0x00,0x00,0xff,0xff,0xff,0x07,0x80,0xff,0xff,0xff,0x01,0x00,0xf0,0xff,0xff,0xff,0x83,0x7f,0x00,0x00,0xf0,0x0f,0xfc,0xff,0xff,0xff,0x01,0x00,0x00,
  0x00,0x00,0x00,0xfc,0xff,0xff,0x03,0x00,0xff,0xff,0xff,0x01,0x00,0xe0,0xff,0xff,0xff,0x81,0x7f,0x00,0x00,0xf0,0x0f,0xf8,0xff,0xff,0xff,0x00,0x00,0x00,
  0x00,0x00,0x00,0xf8,0xff,0xff,0x01,0x00,0xfc,0xff,0x7f,0x00,0x00,0xc0,0xff,0xff,0x7f,0xc0,0x3f,0x00,0x00,0xe0,0x0f,0xe0,0xff,0xff,0xff,0x00,0x00,0x00,
  0x00,0x00,0x00,0xf0,0xff,0x7f,0x00,0x00,0xf8,0xff,0x3f,0x00,0x00,0x00,0xff,0xff,0x7f,0xc0,0x3f,0x00,0x00,0xe0,0x0f,0xc0,0xff,0xff,0x3f,0x00,0x00,0x00,
  0x00,0x00,0x00,0x00,0xfe,0x07,0x00,0x00,0x80,0xff,0x03,0x00,0x00,0x00,0xf0,0xff,0x01,0x00,0x00,0x00,0x00,0x00,0x00,0x00,0xf8,0xff,0x03,0x00,0x00,0x00,
  0x00,0x00,0x00,0x00,0x00,0x00,0x00,0x00,0x00,0x00,0x00,0x00,0x00,0x00,0x00,0x00,0x00,0x00,0x00,0x00,0x00,0x00,0x00,0x00,0x80,0x3f,0x00,0x00,0x00,0x00,
  0x00,0x00,0x00,0x00,0x00,0x00,0x00,0x00,0x00,0x00,0x00,0x00,0x00,0x00,0x00,0x00,0x00,0x00,0x00,0x00,0x00,0x00,0x00,0x00,0x00,0x00,0x00,0x00,0x00,0x00,
  0x00,0x00,0x00,0x00,0x00,0x00,0x00,0x00,0x00,0x00,0x00,0x00,0x00,0x00,0x00,0x00,0x00,0x00,0x00,0x00,0x00,0x00,0x00,0x00,0x00,0x00,0x00,0x00,0x00,0x00,
  0x00,0x00,0x00,0x00,0x00,0x00,0x00,0x00,0x00,0x00,0x00,0x00,0x00,0x00,0x00,0x00,0x00,0x00,0x00,0x00,0x00,0x00,0x00,0x00,0x00,0x00,0x00,0x00,0x00,0x00,
  0x00,0x00,0x00,0x00,0x00,0x00,0x00,0x00,0x00,0x00,0x00,0x00,0x00,0x00,0x00,0x00,0x00,0x00,0x00,0x00,0x00,0x00,0x00,0x00,0x00,0x00,0x00,0x00,0x00,0x00,
  0x00,0x00,0x00,0x00,0x00,0x00,0x00,0x00,0x00,0x00,0x00,0x00,0x00,0x00,0x00,0x00,0x00,0x00,0x00,0x00,0x00,0x00,0x00,0x00,0x00,0x00,0x00,0x00,0x00,0x00,
  0xfc,0xff,0xff,0xff,0xff,0xff,0xff,0xff,0xff,0xff,0xff,0xff,0xff,0xff,0xff,0xff,0xff,0xff,0xff,0xff,0xff,0xff,0xff,0xff,0xff,0xff,0xff,0xff,0xff,0x3f,
  0xfc,0xff,0xff,0xff,0xff,0xff,0xff,0xff,0xff,0xff,0xff,0xff,0xff,0xff,0xff,0xff,0xff,0xff,0xff,0xff,0xff,0xff,0xff,0xff,0xff,0xff,0xff,0xff,0xff,0x3f,
  0x00,0x00,0x00,0x00,0x00,0x00,0x00,0x00,0x00,0x00,0x00,0x00,0x00,0x00,0x00,0x00,0x00,0x00,0x00,0x00,0x00,0x00,0x00,0x00,0x00,0x00,0x00,0x00,0x00,0x00,
  0x00,0x00,0x00,0x00,0x00,0x00,0x00,0x00,0x00,0x00,0x00,0x00,0x00,0x00,0x00,0x00,0x00,0x00,0x00,0x00,0x00,0x00,0x00,0x00,0x00,0x00,0x00,0x00,0x00,0x00,
  0x00,0x00,0x00,0x00,0x00,0x00,0x00,0x00,0x00,0x00,0x00,0x00,0x00,0x00,0x00,0x00,0x00,0x00,0x00,0x00,0x00,0x00,0x00,0x00,0x00,0x00,0x00,0x00,0x00,0x00,
  0x00,0x00,0x00,0x00,0x00,0x00,0x00,0x00,0x00,0x00,0x00,0x00,0x00,0x00,0x00,0x00,0x00,0x00,0x00,0x00,0x00,0x00,0x00,0x00,0x00,0x00,0x00,0x00,0x00,0x00,
  0x00,0x00,0x00,0x00,0x00,0x00,0x00,0x00,0x00,0x00,0x00,0x00,0x00,0x00,0x00,0x00,0x00,0x00,0x00,0x00,0x00,0x00,0x00,0x00,0x00,0x00,0x00,0x00,0x00,0x00,
  0x00,0x00,0x00,0x00,0x00,0x00,0x00,0x00,0x00,0x00,0x00,0x00,0x00,0x00,0x00,0x00,0x00,0x00,0x00,0x00,0x00,0x00,0x00,0x00,0x00,0x00,0x00,0x00,0x00,0x00,
  0x00,0x00,0x00,0x00,0x00,0x00,0x00,0x00,0x00,0x00,0x00,0x00,0x00,0x00,0x00,0x00,0x00,0x00,0x00,0x00,0x00,0x00,0x00,0x00,0x00,0x00,0x00,0x00,0x00,0x00,
  0x00,0x00,0x70,0x78,0x70,0xe0,0x07,0xff,0x07,0x03,0x38,0xc0,0x01,0x80,0x81,0xff,0xe3,0xf8,0x0f,0xfc,0x81,0x3f,0x80,0x1f,0xf0,0x0f,0xfe,0x00,0x00,0x00,
  0x00,0x00,0x70,0xf8,0x70,0xf0,0x0f,0xff,0x87,0x07,0x38,0xc0,0x01,0xc0,0x83,0xff,0xe3,0xf8,0x0f,0xfe,0x83,0x7f,0xc0,0x3f,0xf0,0x0f,0xfe,0x01,0x00,0x00,
  0x00,0x00,0x70,0xf8,0x70,0x78,0x1e,0xff,0xc7,0x0f,0x38,0xc0,0x01,0xe0,0x87,0xff,0xe3,0xf8,0x0f,0x03,0x83,0xc1,0x60,0x60,0x30,0x00,0x02,0x03,0x00,0x00,
  0x00,0x00,0x70,0xf8,0x71,0x38,0x1c,0x70,0xc0,0x0f,0x38,0xc0,0x01,0xe0,0x07,0x38,0xe0,0x38,0x00,0x03,0x80,0xc1,0x30,0xc0,0x30,0x00,0x02,0x03,0x00,0x00,
  0x00,0x00,0x70,0xb8,0x71,0x38,0x00,0x70,0xc0,0x0c,0x38,0xc0,0x01,0x60,0x06,0x38,0xe0,0x38,0x80,0x01,0x80,0xc1,0x30,0xc0,0x30,0x00,0x02,0x03,0x00,0x00,
  0x00,0x00,0x70,0xb8,0x73,0x78,0x00,0x70,0xe0,0x1c,0x38,0xc0,0x01,0x70,0x0e,0x38,0xe0,0x38,0x80,0x01,0x80,0xc1,0x30,0xc0,0x30,0x00,0x02,0x03,0x00,0x00,
  0x00,0x00,0x70,0x38,0x73,0xf0,0x03,0x70,0xe0,0x1c,0x38,0xc0,0x01,0x70,0x0e,0x38,0xe0,0xf8,0x8f,0xe1,0x83,0x7f,0x30,0xc0,0xf0,0x0f,0xfe,0x01,0x00,0x00,
  0x00,0x00,0x70,0x38,0x77,0xc0,0x0f,0x70,0x60,0x18,0x38,0xc0,0x01,0x30,0x0c,0x38,0xe0,0xf8,0x8f,0xe1,0x83,0x7f,0x30,0xc0,0xf0,0x0f,0xfe,0x00,0x00,0x00,
  0x00,0x00,0x70,0x38,0x76,0x00,0x1e,0x70,0x70,0x38,0x38,0xc0,0x01,0x38,0x1c,0x38,0xe0,0x38,0x80,0x01,0x82,0xc1,0x30,0xc0,0x30,0x00,0x02,0x00,0x00,0x00,
  0x00,0x00,0x70,0x38,0x7e,0x1c,0x1c,0x70,0xf0,0x3f,0x38,0xc0,0x01,0xf8,0x1f,0x38,0xe0,0x38,0x80,0x01,0x82,0xc1,0x30,0xc0,0x30,0x00,0x02,0x00,0x00,0x00,
  0x00,0x00,0x70,0x38,0x7c,0x1c,0x1c,0x70,0xf8,0x7f,0x38,0xc0,0x01,0xfc,0x3f,0x38,0xe0,0x38,0x00,0x03,0x82,0xc1,0x30,0xc0,0x30,0x00,0x02,0x00,0x00,0x00,
  0x00,0x00,0x70,0x38,0x7c,0x38,0x0e,0x70,0x38,0x70,0xf8,0xc7,0x7f,0x1c,0x38,0x38,0xe0,0xf8,0x0f,0x03,0x83,0xc1,0x60,0x60,0xf0,0x0f,0x02,0x00,0x00,0x00,
  0x00,0x00,0x70,0x38,0x78,0xf0,0x07,0x70,0x38,0x70,0xf8,0xc7,0x7f,0x1c,0x38,0x38,0xe0,0xf8,0x0f,0xfe,0x83,0xc1,0xc0,0x3f,0xf0,0x0f,0x02,0x00,0x00,0x00,
  0x00,0x00,0x00,0x00,0x00,0xe0,0x03,0x00,0x00,0x00,0x00,0x00,0x00,0x00,0x00,0x00,0x00,0x00,0x00,0xfc,0x01,0x00,0x80,0x1f,0x00,0x00,0x00,0x00,0x00,0x00,
  0x00,0x00,0x00,0x00,0x00,0x00,0x00,0x00,0x00,0x00,0x00,0x00,0x00,0x00,0x00,0x00,0x00,0x00,0x00,0x00,0x00,0x00,0x00,0x00,0x00,0x00,0x00,0x00,0x00,0x00,
  0x00,0x00,0x00,0x00,0x00,0x00,0x00,0x00,0x00,0x00,0x00,0x00,0x00,0x00,0x00,0x00,0x00,0x00,0x00,0x00,0x00,0x00,0x00,0x00,0x00,0x00,0x00,0x00,0x00,0x00,
  0x00,0x00,0x00,0x00,0x00,0x00,0x00,0x00,0x00,0x00,0x00,0x00,0x00,0x00,0x00,0x00,0x00,0x00,0x00,0x00,0x00,0x00,0x00,0x00,0x00,0x00,0x00,0x00,0x00,0x00,
  0x00,0x00,0x00,0x00,0x00,0x00,0x00,0x00,0x00,0x00,0x00,0x00,0x00,0x00,0x00,0x00,0x00,0x00,0x00,0x00,0x00,0x00,0x00,0x00,0x00,0x00,0x00,0x00,0x00,0x00,
  0x00,0x00,0x00,0x00,0x00,0x00,0x00,0x00,0x00,0x00,0x00,0x00,0x00,0x00,0x00,0x00,0x00,0x00,0x00,0x00,0x00,0x00,0x00,0x00,0x00,0x00,0x00,0x00,0x00,0x00,
  0x00,0x00,0x00,0x00,0x00,0x00,0x00,0x00,0x00,0x00,0x00,0x00,0x00,0x00,0x00,0x00,0x00,0x00,0x00,0x00,0x00,0x00,0x00,0x00,0x00,0x00,0x00,0x00,0x00,0x00,
  0x00,0x00,0x00,0x00,0x00,0x00,0x00,0x00,0x00,0x00,0x00,0x00,0x00,0x00,0x00,0x00,0x00,0x00,0x00,0x00,0x00,0x00,0x00,0x00,0x00,0x00,0x00,0x00,0x00,0x00,
  0x00,0x00,0x00,0x00,0x00,0x00,0x00,0x00,0x00,0x00,0x00,0x00,0x00,0x00,0x00,0x00,0x00,0x00,0x00,0x00,0x00,0x00,0x00,0x00,0x00,0x00,0x00,0x00,0x00,0x00,
  0x00,0x00,0x00,0x00,0x00,0x00,0x00,0x00,0x00,0x00,0x00,0x00,0x00,0x00,0x00,0x00,0x00,0x00,0x00,0x00,0x00,0x00,0x00,0x00,0x00,0x00,0x00,0x00,0x00,0x00,
  0x00,0x00,0x00,0x00,0x00,0x00,0x00,0x00,0x00,0x00,0x00,0x00,0x00,0x00,0x00,0x00,0x00,0x00,0x00,0x00,0x00,0x00,0x00,0x00,0x00,0x00,0x00,0x00,0x00,0x00,
  0x00,0x00,0x00,0x00,0x00,0x00,0x00,0x00,0x00,0x00,0x00,0x00,0x00,0x00,0x00,0x00,0x00,0x00,0x00,0x00,0x00,0x00,0x00,0x00,0x00,0x00,0x00,0x00,0x00,0x00,
  0x00,0x00,0x00,0x00,0x00,0x00,0x00,0x00,0x00,0x00,0x00,0x00,0x00,0x00,0x00,0x00,0x00,0x00,0x00,0x00,0x00,0x00,0x00,0x00,0x00,0x00,0x00,0x00,0x00,0x00,
  0x00,0x00,0x00,0x00,0x00,0x00,0x00,0x00,0x00,0x00,0x00,0x00,0x00,0x00,0x00,0x00,0x00,0x00,0x00,0x00,0x00,0x00,0x00,0x00,0x00,0x00,0x00,0x00,0x00,0x00,
  0x00,0x00,0x00,0x00,0x00,0x00,0x00,0x00,0x00,0x00,0x00,0x00,0x00,0x00,0x00,0x00,0x00,0x00,0x00,0x00,0x00,0x00,0x00,0x00,0x00,0x00,0x00,0x00,0x00,0x00,
  0x00,0x00,0x00,0x00,0x00,0x00,0x00,0x00,0x00,0x00,0x00,0x00,0x00,0x00,0x00,0x00,0x00,0x00,0x00,0x00,0x00,0x00,0x00,0x00,0x00,0x00,0x00,0x00,0x00,0x00,
  0x00,0x00,0x00,0x00,0x00,0x00,0x00,0x00,0x00,0x00,0x00,0x00,0x00,0x00,0x00,0x00,0x00,0x00,0x00,0x00,0x00,0x00,0x00,0x00,0x00,0x00,0x00,0x00,0x00,0x00,
  0x00,0x00,0x00,0x00,0x00,0x00,0x00,0x00,0x00,0x00,0x00,0x00,0x00,0x00,0x00,0x00,0x00,0x00,0x00,0x00,0x00,0x00,0x00,0x00,0x00,0x00,0x00,0x00,0x00,0x00,
  0x00,0x00,0x00,0x00,0x00,0x00,0x00,0x00,0x00,0x00,0x00,0x00,0x00,0x00,0x00,0x00,0x00,0x00,0x00,0x00,0x00,0x00,0x00,0x00,0x00,0x00,0x00,0x00,0x00,0x00,
  0x00,0x00,0x00,0x00,0x00,0x00,0x00,0x00,0x00,0x00,0x00,0x00,0x00,0x00,0x00,0x00,0x00,0x00,0x00,0x00,0x00,0x00,0x00,0x00,0x00,0x00,0x00,0x00,0x00,0x00,
  0x00,0x00,0x00,0x00,0x00,0x00,0x00,0x00,0x00,0x00,0x00,0x00,0x00,0x00,0x00,0x00,0x00,0x00,0x00,0x00,0x00,0x00,0x00,0x00,0x00,0x00,0x00,0x00,0x00,0x00,
  0x00,0x00,0x00,0x00,0x00,0x00,0x00,0x00,0x00,0x00,0x00,0x00,0x00,0x00,0x00,0x00,0x00,0x00,0x00,0x00,0x00,0x00,0x00,0x00,0x00,0x00,0x00,0x00,0x00,0x00,
  0x00,0x00,0x00,0x00,0x00,0x00,0x00,0x00,0x00,0x00,0x00,0x00,0x00,0x00,0x00,0x00,0x00,0x00,0x00,0x00,0x00,0x00,0x00,0x00,0x00,0x00,0x00,0x00,0x00,0x00,
  0x00,0x00,0x00,0x00,0x00,0x00,0x00,0x00,0x00,0x00,0x00,0x00,0x00,0x00,0x00,0x00,0x00,0x00,0x00,0x00,0x00,0x00,0x00,0x00,0x00,0x00,0x00,0x00,0x00,0x00,
  0x00,0x00,0x00,0x00,0x00,0x00,0x00,0x00,0x00,0x00,0x00,0x00,0x00,0x00,0x00,0x00,0x00,0x00,0x00,0x00,0x00,0x00,0x00,0x00,0x00,0x00,0x00,0x00,0x00,0x00,
  0x00,0x00,0x00,0x00,0x00,0x00,0x00,0x00,0x00,0x00,0x00,0x00,0x00,0x00,0x00,0x00,0x00,0x00,0x00,0x00,0x00,0x00,0x00,0x00,0x00,0x00,0x00,0x00,0x00,0x00,
  0x00,0x00,0x00,0x00,0x00,0x00,0x00,0x00,0x00,0x00,0x00,0x00,0x00,0x00,0x00,0x00,0x00,0x00,0x00,0x00,0x00,0x00,0x00,0x00,0x00,0x00,0x00,0x00,0x00,0x00,
  0x00,0x00,0x00,0x00,0x00,0x00,0x00,0x00,0x00,0x00,0x00,0x00,0x00,0x00,0x00,0x00,0x00,0x00,0x00,0x00,0x00,0x00,0x00,0x00,0x00,0x00,0x00,0x00,0x00,0x00,
  0x00,0x00,0x00,0x00,0x00,0x00,0x00,0x00,0x00,0x00,0x00,0x00,0x00,0x00,0x00,0x00,0x00,0x00,0x00,0x00,0x00,0x00,0x00,0x00,0x00,0x00,0x00,0x00,0x00,0x00,
  0x00,0x00,0x00,0x00,0x00,0x00,0x00,0x00,0x00,0x00,0x00,0x00,0x00,0x00,0x00,0x00,0x00,0x00,0x00,0x00,0x00,0x00,0x00,0x00,0x00,0x00,0x00,0x00,0x00,0x00,
  0x00,0x00,0x00,0x00,0x00,0x00,0x00,0x00,0x00,0x00,0x00,0x00,0x00,0x00,0x00,0x00,0x00,0x00,0x00,0x00,0x00,0x00,0x00,0x00,0x00,0x00,0x00,0x00,0x00,0x00,
  0x00,0x00,0x00,0x00,0x00,0x00,0x00,0x00,0x00,0x00,0x00,0x00,0x00,0x00,0x00,0x00,0x00,0x00,0x00,0x00,0x00,0x00,0x00,0x00,0x00,0x00,0x00,0x00,0x00,0x00,
  0x00,0x00,0x00,0x00,0x00,0x00,0x00,0x00,0x00,0x00,0x00,0x00,0x00,0x00,0x00,0x00,0x00,0x00,0x00,0x00,0x00,0x00,0x00,0x00,0x00,0x00,0x00,0x00,0x00,0x00,
};
s_bitmap const cogas_noord_ico = { 240, 128, cogas_noord_ico_data };
//-----------------------------------------------------------------------------
static unsigned char const bitmap_empty[] = 
{
  0x00
};
s_bitmap const ico_empty = { 0, 0, bitmap_empty };
//*****************************************************************************
static unsigned char const bitmap_arrow_down_0[] = 
{
  0x1f,0x0e,0x04,
};
s_bitmap const ico_arrow_down_0 = { 5,3, bitmap_arrow_down_0 };
//-----------------------------------------------------------------------------
static unsigned char const bitmap_arrow_up_0[] = 
{
  0x04,0x0e,0x1f,
};
s_bitmap const ico_arrow_up_0 = { 5,3, bitmap_arrow_up_0 };
//-----------------------------------------------------------------------------
static unsigned char const bitmap_arrow_up_1[] = 
{
  0x10,0x00,0x38,0x00,0x7c,0x00,0xfe,0x00,0xff,0x01,
};
s_bitmap const ico_arrow_up_1 = { 9,5, bitmap_arrow_up_1 };
//-----------------------------------------------------------------------------
static unsigned char const bitmap_fn_1[] = 
{
  0x00,0x00,0x00,0x00,0x00,0x00,0x60,0x00,0x00,0x00,0xf8,0x01,0x00,0x80,0x9f,0x07,
  0x00,0xe0,0x07,0x1e,0x00,0x7e,0x1e,0x78,0x80,0x1f,0x78,0x70,0xe0,0x79,0xe0,0x11,
  0x78,0xe0,0xc1,0x11,0x1e,0x80,0x47,0x10,0x0e,0x00,0x47,0x10,0x08,0x00,0x41,0x10,
  0x08,0x00,0x41,0x10,0x08,0x00,0x41,0x10,0x08,0x00,0x41,0x10,0x08,0x00,0xc1,0x1f,
  0x08,0x00,0x41,0x00,0x08,0x00,0x7f,0x00,0x08,0x00,0x01,0x00,0xf8,0xff,0x01,0x00,
  0x00,0x00,0x00,0x00,0x00,0x00,0x00,0x00,0xff,0xff,0xff,0xff,
};
s_bitmap const ico_fn_1 = { 32,23, bitmap_fn_1 };
s_disp_bitmap const disp_fn_F1 = { Disp_Draw_Bitmap, 6,105, &ico_fn_1 };
//-----------------------------------------------------------------------------
static unsigned char const bitmap_fn_2[] = 
{
  0x00,0x20,0x01,0x00,0x00,0x4e,0xe2,0x00,0x00,0x9b,0xb2,0x01,0x80,0x31,0x19,0x03,
  0x80,0x60,0x0d,0x02,0x80,0x41,0x04,0x03,0x00,0xc3,0x86,0x01,0x00,0x86,0xc2,0x00,
  0x00,0x9c,0x73,0x02,0x80,0xf1,0x1f,0x01,0x40,0xc6,0xc7,0x04,0x00,0xf1,0x1f,0x03,
  0x80,0x9c,0x73,0x00,0x40,0x86,0xc2,0x00,0x00,0xc3,0x86,0x01,0x80,0x41,0x04,0x03,
  0x80,0x60,0x0d,0x02,0x80,0x31,0x19,0x03,0x00,0x9b,0xb2,0x01,0x00,0x8e,0xe4,0x00,
  0x00,0x00,0x09,0x00,0x00,0x00,0x00,0x00,0xff,0xff,0xff,0xff,
};
s_bitmap const ico_fn_2 = { 32,23, bitmap_fn_2 };
s_disp_bitmap const disp_fn_F2 = { Disp_Draw_Bitmap, 45,105, &ico_fn_2 };
//-----------------------------------------------------------------------------
static unsigned char const bitmap_fn_3[] = 
{
  0x40,0x00,0x00,0x00,0xa0,0x00,0x00,0x00,0xa0,0x70,0x70,0x00,0xa0,0x88,0x8a,0x00,
  0xa0,0x04,0x07,0x01,0xa0,0x04,0x07,0x01,0xe0,0x88,0x8a,0x00,0xe0,0x70,0x72,0x00,
  0xe0,0x00,0x05,0x00,0xe0,0x80,0x08,0x00,0xf0,0x81,0x08,0x00,0xf0,0x81,0x08,0x00,
  0xf0,0x81,0x08,0x00,0xe0,0x80,0x88,0x00,0x00,0x80,0xc8,0x00,0xc0,0x81,0xcf,0x01,
  0x40,0x1a,0xe0,0x01,0x40,0x22,0xa0,0x03,0xc0,0x39,0x60,0x03,0x40,0x24,0xc0,0x01,
  0x40,0x18,0x00,0x00,0x00,0x00,0x00,0x00,0xff,0xff,0xff,0xff,
};
s_bitmap const ico_fn_3 = { 32,23, bitmap_fn_3 };
s_disp_bitmap const disp_fn_F3 = { Disp_Draw_Bitmap, 84,105, &ico_fn_3 };
//-----------------------------------------------------------------------------
static unsigned char const bitmap_fn_alarm_on[] =  // JP nog verwijderen
{
  0x00,0x00,0x00,0x00,0x00,0x00,0x00,0x00,0x00,0x00,0x00,0x00,0x00,0x00,0x00,0x00,
  0x00,0x00,0x00,0x00,0x00,0x00,0x00,0x00,0x00,0x00,0x00,0x00,0x00,0x00,0xc0,0x03,
  0x00,0x00,0x3c,0x02,0xe0,0xc3,0x03,0x01,0x20,0x3e,0x00,0x01,0x20,0x02,0x80,0x00,
  0x20,0x02,0x80,0x00,0x20,0x3e,0x40,0x00,0xe0,0xc3,0x43,0x00,0x00,0x00,0x3c,0x00,
  0x00,0x00,0x00,0x00,0x00,0x00,0x00,0x00,0x00,0x00,0x00,0x00,0x00,0x00,0x00,0x00,
  0x00,0x00,0x00,0x00,0x00,0x00,0x00,0x00,0xff,0xff,0xff,0xff,
};
static unsigned char const bitmap_fn_waarschuwing_on[] =   // JP nog verwijderen
{
  0x00,0x00,0x00,0x00,0x00,0x00,0x00,0x00,0x00,0x00,0x00,0x00,0x00,0x00,0x00,0x00,
  0x80,0x00,0x40,0x00,0x00,0x01,0x20,0x00,0x00,0x02,0x10,0x00,0x00,0x04,0xc8,0x03,
  0x00,0x08,0x3c,0x02,0xe0,0xd3,0x03,0x01,0x20,0x3e,0x01,0x01,0x20,0xc2,0x80,0x00,
  0x20,0xc2,0x80,0x00,0x20,0x3e,0x41,0x00,0xe0,0xd3,0x43,0x00,0x00,0x08,0x3c,0x00,
  0x00,0x04,0x08,0x00,0x00,0x02,0x10,0x00,0x00,0x01,0x20,0x00,0x80,0x00,0x40,0x00,
  0x00,0x00,0x00,0x00,0x00,0x00,0x00,0x00,0xff,0xff,0xff,0xff,
};

//-----------------------------------------------------------------------------
static unsigned char const bitmap_fn_alarm_off[] = 
{
  0x00,0x00,0x00,0x00,0x00,0x00,0x00,0x00,0x00,0x00,0x00,0x00,0x00,0x00,0x00,0x00,
  0x00,0x00,0x00,0x00,0x00,0x00,0x00,0x00,0x00,0x00,0x00,0x00,0x00,0x00,0x00,0x00,
  0x00,0x00,0x00,0x00,0x00,0x00,0x00,0x00,0x00,0x00,0x00,0x00,0x00,0x00,0x00,0x00,
  0x00,0x00,0x00,0x00,0x00,0x00,0x00,0x00,0x00,0x00,0x00,0x00,0x00,0x00,0x00,0x00,
  0x00,0x00,0x00,0x00,0x00,0x00,0x00,0x00,0x00,0x00,0x00,0x00,0x00,0x00,0x00,0x00,
  0x00,0x00,0x00,0x00,0x00,0x00,0x00,0x00,0xff,0xff,0xff,0xff,
};
static unsigned char const bitmap_fn_alarm_hard_on[] = 
{
  0x00,0x00,0x00,0x00,0x00,0x00,0x00,0x00,0x00,0x00,0x00,0x00,0x00,0x00,0x00,0x00,
  0x00,0x00,0x00,0x08,0x00,0x00,0x00,0x04,0x00,0x00,0xf0,0x02,0x00,0x00,0x8f,0x18,
  0xf8,0xf0,0x40,0x06,0x88,0x0f,0x40,0x00,0x88,0x00,0x20,0x1f,0x88,0x00,0x20,0x00,
  0x88,0x0f,0x90,0x01,0xf8,0xf0,0x10,0x06,0x00,0x00,0x4f,0x18,0x00,0x00,0x80,0x00,
  0x00,0x00,0x00,0x01,0x00,0x00,0x00,0x02,0x00,0x00,0x00,0x04,0x00,0x00,0x00,0x00,
  0x00,0x00,0x00,0x00,0x00,0x00,0x00,0x00,0xff,0xff,0xff,0xff,
};
static unsigned char const bitmap_fn_alarm_hard_meerdere_on[] = 
{
  0x00,0x00,0x00,0x00,0x00,0x00,0x00,0x00,0x00,0x00,0x00,0x00,0x00,0x00,0x00,0x20,
  0x00,0x00,0x80,0x17,0x00,0x00,0x78,0x04,0xc0,0x87,0x07,0x62,0x40,0x7c,0xf0,0x1a,
  0x40,0x04,0x8f,0x01,0xf8,0xf4,0x40,0x7d,0x88,0x0f,0xc0,0x00,0x88,0x00,0xa0,0x1e,
  0x88,0x00,0x60,0x60,0x88,0x0f,0x10,0x03,0xf8,0xf0,0x10,0x0c,0x00,0x00,0x4f,0x10,
  0x00,0x00,0x80,0x20,0x00,0x00,0x00,0x01,0x00,0x00,0x00,0x02,0x00,0x00,0x00,0x04,
  0x00,0x00,0x00,0x00,0x00,0x00,0x00,0x00,0xff,0xff,0xff,0xff,
};
static unsigned char const bitmap_fn_alarm_zacht_on[] = 
{
  0x00,0x00,0x00,0x00,0x00,0x00,0x00,0x00,0x00,0x00,0x00,0x00,0x00,0x00,0x00,0x00,
  0x00,0x00,0x00,0x00,0x00,0x00,0x00,0x00,0x00,0x00,0xc0,0x03,0x00,0x00,0x3c,0x02,
  0xe0,0xc3,0x03,0x01,0x20,0x3e,0x00,0x01,0x20,0x02,0x80,0x00,0x20,0x02,0x80,0x00,
  0x20,0x3e,0x40,0x00,0xe0,0xc3,0x43,0x00,0x00,0x00,0x3c,0x00,0x00,0x00,0x00,0x00,
  0x00,0x00,0x00,0x00,0x00,0x00,0x00,0x00,0x00,0x00,0x00,0x00,0x00,0x00,0x00,0x00,
  0x00,0x00,0x00,0x00,0x00,0x00,0x00,0x00,0xff,0xff,0xff,0xff,
};
static unsigned char const bitmap_fn_alarm_zacht_meerdere_on[] = 
{
  0x00,0x00,0x00,0x00,0x00,0x00,0x00,0x00,0x00,0x00,0x00,0x00,0x00,0x00,0x00,0x00,
  0x00,0x00,0x00,0x00,0x00,0x00,0x00,0x0f,0x00,0x00,0xf0,0x08,0x80,0x0f,0x0f,0x04,
  0x80,0xf8,0xe0,0x05,0x80,0x08,0x1e,0x03,0xf0,0xe9,0x81,0x02,0x10,0x1f,0x80,0x01,
  0x10,0x01,0x40,0x01,0x10,0x01,0xc0,0x00,0x10,0x1f,0x20,0x00,0xf0,0xe1,0x21,0x00,
  0x00,0x00,0x1e,0x00,0x00,0x00,0x00,0x00,0x00,0x00,0x00,0x00,0x00,0x00,0x00,0x00,
  0x00,0x00,0x00,0x00,0x00,0x00,0x00,0x00,0xff,0xff,0xff,0xff,
};
static unsigned char const bitmap_fn_alarm_onderdrukken_on[] = 
{
  0x00,0x00,0x00,0x00,0x00,0x00,0x00,0x00,0x00,0x00,0x00,0x00,0x00,0x00,0x00,0x00,
  0x80,0x00,0x40,0x00,0x00,0x01,0x20,0x00,0x00,0x02,0x10,0x00,0x00,0x04,0xc8,0x03,
  0x00,0x08,0x3c,0x02,0xe0,0xd3,0x03,0x01,0x20,0x3e,0x01,0x01,0x20,0xc2,0x80,0x00,
  0x20,0xc2,0x80,0x00,0x20,0x3e,0x41,0x00,0xe0,0xd3,0x43,0x00,0x00,0x08,0x3c,0x00,
  0x00,0x04,0x08,0x00,0x00,0x02,0x10,0x00,0x00,0x01,0x20,0x00,0x80,0x00,0x40,0x00,
  0x00,0x00,0x00,0x00,0x00,0x00,0x00,0x00,0xff,0xff,0xff,0xff,
};
static unsigned char const bitmap_fn_alarm_onderdrukken_meerdere_on[] = 
{
  0x00,0x00,0x00,0x00,0x00,0x00,0x00,0x00,0x80,0x00,0x00,0x01,0x00,0x01,0x80,0x00,
  0x00,0x02,0x40,0x0f,0x00,0x04,0xf0,0x08,0x80,0x0f,0x1f,0x04,0x80,0xf8,0xe8,0x05,
  0x80,0x38,0x1e,0x03,0xf0,0xe9,0x83,0x02,0x10,0x9f,0x81,0x01,0x10,0x81,0x41,0x01,
  0x10,0x41,0xc2,0x00,0x10,0x3f,0x24,0x00,0xf0,0xf1,0x29,0x00,0x00,0x08,0x1e,0x00,
  0x00,0x04,0x20,0x00,0x00,0x02,0x40,0x00,0x00,0x01,0x80,0x00,0x80,0x00,0x00,0x01,
  0x00,0x00,0x00,0x00,0x00,0x00,0x00,0x00,0xff,0xff,0xff,0xff,
};
s_bitmap const ico_fn_4_0 = { 32,23, bitmap_fn_alarm_hard_on                  };
s_bitmap const ico_fn_4_1 = { 32,23, bitmap_fn_alarm_hard_meerdere_on         };
s_bitmap const ico_fn_4_2 = { 32,23, bitmap_fn_alarm_zacht_on                 };
s_bitmap const ico_fn_4_3 = { 32,23, bitmap_fn_alarm_zacht_meerdere_on        };
s_bitmap const ico_fn_4_4 = { 32,23, bitmap_fn_alarm_onderdrukken_on          };
s_bitmap const ico_fn_4_5 = { 32,23, bitmap_fn_alarm_onderdrukken_meerdere_on };
s_bitmap const ico_fn_4_6 = { 32,23, bitmap_fn_alarm_off                      };
//-----------------------------------------------------------------------------
static s_bitmap const ico_fn_alarm_off = { 32,23, bitmap_fn_alarm_off };
static s_bitmap const ico_fn_alarm_on = { 32,23, bitmap_fn_alarm_on };
static s_bitmap const ico_fn_waarschuwing_on = { 32,23, bitmap_fn_waarschuwing_on };
static s_bitmap const * const ico_fn_alarm[] = { &ico_fn_alarm_on, &ico_fn_waarschuwing_on, &ico_fn_alarm_off };
s_disp_bitmap_array const disp_fn_alarm = { Disp_Draw_Bitmap_Array, 123, 105, ico_fn_alarm, UCHAR, &alarm_blink_ico, 3 };
//-----------------------------------------------------------------------------
static unsigned char const bitmap_fn_5[] = 
{
  0x00,0x00,0x00,0x00,0x00,0x00,0x00,0x00,0x70,0x70,0x00,0x00,0x78,0xf0,0x00,0x00,
  0x08,0x80,0x00,0x00,0x08,0x80,0x00,0x00,0x08,0x80,0x00,0x00,0x08,0x80,0x00,0x00,
  0x08,0x80,0x00,0x00,0x10,0x40,0x80,0x03,0x10,0x40,0x40,0x04,0x20,0x20,0x20,0x08,
  0xc0,0x18,0x10,0x08,0x80,0x0f,0x08,0x08,0x00,0x07,0x08,0x1c,0x00,0x02,0x04,0x3e,
  0x00,0x02,0x04,0x3e,0x00,0x04,0x02,0x3e,0x00,0x88,0x01,0x1c,0x00,0x70,0x00,0x00,
  0x00,0x00,0x00,0x00,0x00,0x00,0x00,0x00,0xff,0xff,0xff,0xff,
};
s_bitmap const ico_fn_5 = { 32,23, bitmap_fn_5 };
//s_disp_bitmap const disp_fn_diagnose = { Disp_Draw_Bitmap, 162,105, &ico_fn_5 };
//-----------------------------------------------------------------------------
static unsigned char const bitmap_fn_5_com[] = 
{
  0x00,0x00,0x00,0x00,0x00,0x00,0x00,0x00,0x70,0x70,0xf8,0x3f,0x78,0xf0,0x08,0x20,
  0x08,0x80,0x08,0x20,0x08,0x80,0x08,0x20,0x08,0x80,0x08,0x20,0x08,0x80,0x08,0x20,
  0x08,0x80,0x08,0x20,0x10,0x40,0x08,0x20,0x10,0x40,0xf8,0x3f,0x20,0x20,0x20,0x08,
  0xc0,0x18,0xf8,0x3f,0x80,0x0f,0x08,0x20,0x00,0x07,0x04,0x10,0x00,0x02,0xfc,0x1f,
  0x00,0x02,0x00,0x00,0x00,0x04,0x00,0x00,0x00,0x88,0x01,0x00,0x00,0x70,0x00,0x00,
  0x00,0x00,0x00,0x00,0x00,0x00,0x00,0x00,0xff,0xff,0xff,0xff,
};
s_bitmap const ico_fn_5_com = { 32,23, bitmap_fn_5_com };
static s_bitmap const * const ico_fn_diagnose_fn_diagnose_com[] = { &ico_fn_5, &ico_fn_5_com };
unsigned char screen_catcher_time_out = 0;
s_disp_bitmap_array const disp_fn_diagnose = { Disp_Draw_Bitmap_Array, 162, 105, ico_fn_diagnose_fn_diagnose_com, UCHAR, &screen_catcher_time_out, 2 };
//-----------------------------------------------------------------------------
static unsigned char const bitmap_fn_6[] = 
{
  0x00,0x00,0x00,0x00,0x00,0x78,0x00,0x00,0x00,0x7c,0x0c,0x00,0x00,0x7e,0x0c,0x00,
  0x00,0x3e,0x0c,0x00,0x80,0x7f,0x0c,0x00,0x80,0xdf,0x0c,0x00,0x00,0xb7,0x0d,0x00,
  0x00,0x66,0x0f,0x00,0x00,0xc0,0x3f,0x00,0x00,0x9e,0x21,0x00,0x00,0x34,0x21,0x00,
  0x80,0x28,0x33,0x00,0x80,0x29,0x72,0x00,0x80,0x66,0xd2,0x00,0x80,0x61,0xb2,0x01,
  0x00,0xcf,0xf2,0x01,0x00,0x9c,0xd3,0x00,0x00,0x30,0x1f,0x00,0x00,0xe0,0x0f,0x00,
  0x00,0x00,0x00,0x00,0x00,0x00,0x00,0x00,0xff,0xff,0xff,0xff,
};
s_bitmap const ico_fn_6 = { 32,23, bitmap_fn_6 };
s_disp_bitmap const disp_fn_opties = { Disp_Draw_Bitmap, 201,105, &ico_fn_6 };

//*****************************************************************************
static unsigned char const bitmap_tab_begin[] = 
{
  0x01,0x03,0x06,0x04,0x04,0x04,0x04,0x04,0x04,0x04,0x04,0x04,0x04,0x04,0x04,0x04,
  0x04,0x04,0x04,0x0c,0x18,0x30,0x20,
};
s_bitmap const ico_tab_begin = { 6,23, bitmap_tab_begin };
s_disp_bitmap const disp_tab_begin = { Disp_Draw_Bitmap, 0,105, &ico_tab_begin };
//-----------------------------------------------------------------------------
static unsigned char const bitmap_tab_end[] = 
{
  0x60,0x30,0x18,0x08,0x08,0x08,0x08,0x08,0x08,0x08,0x08,0x08,0x08,0x08,0x08,0x08,
  0x08,0x08,0x08,0x0c,0x06,0x03,0x01,
};
s_bitmap const ico_tab_end = { 7,23, bitmap_tab_end };
s_disp_bitmap const disp_tab_end = { Disp_Draw_Bitmap, 233,105, &ico_tab_end };
//-----------------------------------------------------------------------------
static unsigned char const bitmap_tab_norm[] = 
{
  0x60,0x30,0x18,0x08,0x08,0x08,0x08,0x08,0x08,0x08,0x08,0x08,0x08,0x08,0x08,0x08,
  0x08,0x08,0x08,0x1c,0x36,0x63,0x41,
};
s_bitmap const ico_tab_norm = { 7,23, bitmap_tab_norm };
s_disp_bitmap const disp_tab_2_norm = { Disp_Draw_Bitmap,  38,105, &ico_tab_norm };
s_disp_bitmap const disp_tab_3_norm = { Disp_Draw_Bitmap,  77,105, &ico_tab_norm };
s_disp_bitmap const disp_tab_4_norm = { Disp_Draw_Bitmap, 116,105, &ico_tab_norm };
s_disp_bitmap const disp_tab_5_norm = { Disp_Draw_Bitmap, 155,105, &ico_tab_norm };
s_disp_bitmap const disp_tab_6_norm = { Disp_Draw_Bitmap, 194,105, &ico_tab_norm };
//-----------------------------------------------------------------------------
static unsigned char const bitmap_tab_act[] = 
{
  0x03,0x06,0x0c,0x08,0x08,0x08,0x08,0x08,0x08,0x08,0x08,0x08,0x08,0x08,0x08,0x08,
  0x08,0x08,0x08,0x1c,0x36,0x63,0x41,
};
s_bitmap const ico_tab_act = { 7,23, bitmap_tab_act };
s_disp_bitmap const disp_tab_2_act = { Disp_Draw_Bitmap,  38,105, &ico_tab_act };
s_disp_bitmap const disp_tab_3_act = { Disp_Draw_Bitmap,  77,105, &ico_tab_act };
s_disp_bitmap const disp_tab_4_act = { Disp_Draw_Bitmap, 116,105, &ico_tab_act };
s_disp_bitmap const disp_tab_5_act = { Disp_Draw_Bitmap, 155,105, &ico_tab_act };
s_disp_bitmap const disp_tab_6_act = { Disp_Draw_Bitmap, 194,105, &ico_tab_act };
//-----------------------------------------------------------------------------
unsigned char const zandloper_ico_data[] =
{
  0xff,0xff,0x01,0xff,0xff,0x01,0x03,0x80,0x01,0xfe,0xff,0x00,0x06,0xc0,0x00,0x06,
  0xc0,0x00,0x06,0xc0,0x00,0xa6,0xca,0x00,0x4c,0x65,0x00,0x98,0x32,0x00,0x30,0x19,
  0x00,0x60,0x0c,0x00,0xc0,0x06,0x00,0xc0,0x06,0x00,0xc0,0x06,0x00,0x60,0x0c,0x00,
  0x30,0x19,0x00,0x18,0x30,0x00,0x0c,0x61,0x00,0x86,0xc2,0x00,0x46,0xc5,0x00,0xa6,
  0xca,0x00,0x56,0xd5,0x00,0xfe,0xff,0x00,0x03,0x80,0x01,0xff,0xff,0x01,0xff,0xff,
  0x01,
};
s_bitmap const zandloper_ico = { 17, 27, zandloper_ico_data };
//-----------------------------------------------------------------------------
static unsigned char const bitmap_systeem[] = 
{
  0x00,0x0f,0x00,0x00,0x80,0x8f,0x01,0x00,0xc0,0x8f,0x01,0x00,0xc0,0x87,0x01,0x00,
  0xf0,0x8f,0x01,0x00,0xf0,0x9b,0x01,0x00,0xe0,0xb6,0x01,0x00,0xc0,0xec,0x01,0x00,
  0x00,0xf8,0x07,0x00,0xc0,0x33,0x04,0x00,0x80,0x26,0x04,0x00,0x10,0x65,0x06,0x00,
  0x30,0x45,0x0e,0x00,0xd0,0x4c,0x1a,0x00,0x30,0x4c,0x36,0x00,0xe0,0x59,0x3e,0x00,
  0x80,0x73,0x1a,0x00,0x00,0x66,0x02,0x00,0x00,0x4c,0x02,0x00,0x00,0xd8,0x03,0x00,
  0x00,0x30,0x0f,0x00,0x00,0x60,0x18,0x00,0x00,0x60,0x16,0x00,0x00,0x40,0x19,0x00,
  0x00,0x40,0x11,0x00,0x00,0xc0,0x03,0x00,
};
s_bitmap const ico_systeem = { 26,26, bitmap_systeem };
//-----------------------------------------------------------------------------
static unsigned char const motor_communication_al_ico_data[] =
{
  0x00,0x00,0x00,0x00,0x80,0x0f,0x00,0x00,0x60,0x30,0x00,0x00,0x10,0x40,0x00,0x00,
  0x08,0x80,0x00,0x00,0x48,0x90,0x00,0x00,0xc6,0x18,0x03,0x00,0xc6,0x1d,0x03,0x00,
  0xc6,0x1f,0x03,0x00,0xc6,0x1a,0x03,0x00,0xc6,0x18,0x03,0x00,0xc8,0x98,0x00,0x00,
  0x08,0x80,0x00,0x00,0x10,0x40,0x00,0x00,0x60,0x30,0x00,0x00,0x80,0x0f,0x00,0x00,
  0x00,0x00,0x00,0x00,0xc0,0x03,0x3c,0x00,0xe0,0x0f,0x7f,0x00,0xe0,0x0b,0x7d,0x00,
  0xfc,0x0b,0xfd,0x03,0xfc,0x0b,0xfd,0x03,0xe0,0x0b,0x7d,0x00,0xe0,0x0f,0x7f,0x00,
  0xc0,0x03,0x3c,0x00,0x00,0x00,0x00,0x00,
};
s_bitmap const motor_communication_al_ico = { 26, 26, motor_communication_al_ico_data };
//-----------------------------------------------------------------------------
static unsigned char const vent_communication_al_ico_data[] =
{
  0x00,0x01,0x00,0x00,0x30,0x62,0x00,0x00,0x48,0x92,0x00,0x00,0x84,0x08,0x01,0x00,
  0x84,0x0d,0x01,0x00,0x08,0x85,0x00,0x00,0x30,0x67,0x00,0x00,0xe0,0x3f,0x02,0x00,
  0x8c,0x8f,0x01,0x00,0xe2,0x3f,0x00,0x00,0x30,0x67,0x00,0x00,0x08,0x85,0x00,0x00,
  0x84,0x0d,0x01,0x00,0x84,0x08,0x01,0x00,0x48,0x92,0x00,0x00,0x30,0x62,0x00,0x00,
  0x00,0x04,0x00,0x00,0xc0,0x03,0x3c,0x00,0xe0,0x0f,0x7f,0x00,0xe0,0x0b,0x7d,0x00,
  0xfc,0x0b,0xfd,0x03,0xfc,0x0b,0xfd,0x03,0xe0,0x0b,0x7d,0x00,0xe0,0x0f,0x7f,0x00,
  0xc0,0x03,0x3c,0x00,0x00,0x00,0x00,0x00,
};
s_bitmap const vent_communication_al_ico = { 26, 26, vent_communication_al_ico_data };
//-----------------------------------------------------------------------------
static unsigned char const klep_communication_al_ico_data[] =
{
  0x00,0x00,0x00,0x00,0x00,0x07,0x00,0x00,0xc0,0x03,0x00,0x00,0xf0,0x00,0x00,0x00,
  0x3c,0x00,0x00,0x00,0x2c,0x00,0x00,0x00,0x20,0x00,0x00,0x00,0x20,0x00,0x00,0x00,
  0x00,0x01,0x00,0x00,0x80,0x01,0x00,0x00,0xc0,0x00,0x00,0x00,0x60,0x00,0x00,0x00,
  0x20,0x00,0x00,0x00,0x20,0x00,0x00,0x00,0xe0,0x07,0x00,0x00,0x00,0x00,0x00,0x00,
  0x00,0x00,0x00,0x00,0xc0,0x03,0x3c,0x00,0xe0,0x0f,0x7f,0x00,0xe0,0x0b,0x7d,0x00,
  0xfc,0x0b,0xfd,0x03,0xfc,0x0b,0xfd,0x03,0xe0,0x0b,0x7d,0x00,0xe0,0x0f,0x7f,0x00,
  0xc0,0x03,0x3c,0x00,0x00,0x00,0x00,0x00,
};
s_bitmap const klep_communication_al_ico = { 26, 26, klep_communication_al_ico_data };
//*****************************************************************************
static unsigned char const sensor_communication_al_ico_data[] =
{
  0x04,0x07,0x07,0x00,0x8a,0xa8,0x08,0x00,0x4a,0x70,0x10,0x00,0x4a,0x70,0x10,0x00,
  0x8e,0xa8,0x08,0x00,0x0e,0x27,0x07,0x00,0x1f,0x50,0x00,0x00,0x1f,0x88,0x00,0x00,
  0x1f,0x88,0x00,0x00,0x0e,0x88,0x08,0x00,0x00,0x88,0x0c,0x00,0x1c,0x88,0x1c,0x00,
  0xa4,0xf9,0x1e,0x00,0x24,0x02,0x3a,0x00,0x9c,0x03,0x36,0x00,0x44,0x02,0x1c,0x00,
  0x84,0x01,0x00,0x00,0x00,0x00,0x00,0x00,0xc0,0x03,0x3c,0x00,0xe0,0x0f,0x7f,0x00,
  0xe0,0x0b,0x7d,0x00,0xfc,0x0b,0xfd,0x03,0xfc,0x0b,0xfd,0x03,0xe0,0x0b,0x7d,0x00,
  0xe0,0x0f,0x7f,0x00,0xc0,0x03,0x3c,0x00,
};
s_bitmap const sensor_communication_al_ico = { 26, 26, sensor_communication_al_ico_data };
//*****************************************************************************
static unsigned char const bitmap_rel_cursor[] = 
{
  0x01,0x03,0x07,0x0f,0x1f,0x3f,0x7f,0x3f,0x1f,0x0f,0x07,0x03,0x01,
};
static s_bitmap const ico_rel_cursor = { 7,13, bitmap_rel_cursor };
s_disp_bitmap const disp_rel_cursor = { Disp_Draw_Bitmap,  0, 9, &ico_rel_cursor };

//*****************************************************************************
static unsigned char const bitmap_temp[] = 
{
  0x00,0x00,0x00,0x00,0x00,0x00,0x00,0x00,0x00,0x00,0x00,0x00,0x00,0x30,0x00,0x00,
  0x00,0xfc,0x00,0x00,0x00,0xcf,0x03,0x00,0xc0,0x03,0x0f,0x00,0xf0,0x00,0x3c,0x00,
  0x3c,0x10,0xf0,0x00,0x1f,0x28,0xe0,0x03,0x13,0x28,0x20,0x03,0x10,0x28,0x20,0x00,
  0x10,0x28,0x20,0x00,0x10,0x28,0x20,0x00,0x10,0x38,0x20,0x00,0x10,0x38,0x20,0x00,
  0x10,0x38,0x20,0x00,0x10,0x38,0x20,0x00,0x10,0x7c,0x20,0x00,0x10,0x7c,0x20,0x00,
  0x10,0x7c,0x20,0x00,0x10,0x38,0x20,0x00,0x10,0x00,0x20,0x00,0xf0,0xff,0x3f,0x00,
  0x00,0x00,0x00,0x00,0x00,0x00,0x00,0x00,
};
s_bitmap const ico_temp = { 26,26, bitmap_temp };
s_disp_bitmap const disp_temp = { Disp_Draw_Bitmap, 9, 0, &ico_temp };
//-----------------------------------------------------------------------------
static unsigned char const bitmap_tijd[] = 
{
  0x00,0x00,0x00,0x00,0x00,0x00,0x00,0x00,0x00,0x7c,0x00,0x00,0x00,0xff,0x01,0x00,
  0xc0,0x01,0x07,0x00,0x60,0x10,0x0c,0x00,0x30,0x39,0x19,0x00,0x18,0x7c,0x30,0x00,
  0x08,0x10,0x20,0x00,0x2c,0x10,0x68,0x00,0x04,0x10,0x40,0x00,0x06,0x10,0xc0,0x00,
  0x06,0x10,0xc2,0x00,0x16,0xf8,0xd7,0x00,0x06,0x10,0xc2,0x00,0x06,0x00,0xc0,0x00,
  0x04,0x00,0x40,0x00,0x2c,0x00,0x68,0x00,0x08,0x00,0x20,0x00,0x18,0x00,0x30,0x00,
  0x30,0x01,0x19,0x00,0x60,0x10,0x0c,0x00,0xc0,0x01,0x07,0x00,0x00,0xff,0x01,0x00,
  0x00,0x7c,0x00,0x00,0x00,0x00,0x00,0x00,
};
s_bitmap const ico_tijd = { 26,26, bitmap_tijd };
s_disp_bitmap const disp_tijd = { Disp_Draw_Bitmap, 9, 0, &ico_tijd };
//-----------------------------------------------------------------------------
static unsigned char const bitmap_kalender[] = 
{
  0x00,0x00,0x00,0x00,0x60,0x00,0x0c,0x00,0x90,0x00,0x12,0x00,0xfe,0xff,0xff,0x00,
  0x12,0x00,0x82,0x01,0x62,0x00,0x8c,0x01,0x02,0x00,0x80,0x01,0xfe,0xff,0xff,0x01,
  0x02,0x00,0x80,0x01,0x82,0x10,0x82,0x01,0x02,0x00,0x80,0x01,0x82,0x10,0x82,0x01,
  0x02,0x00,0x80,0x01,0xaa,0xaa,0xaa,0x01,0x02,0x00,0x80,0x01,0x82,0x10,0x82,0x01,
  0x02,0x00,0x80,0x01,0xaa,0xaa,0xaa,0x01,0x02,0x00,0x80,0x01,0x82,0x10,0x82,0x01,
  0x02,0x00,0x80,0x01,0x82,0x10,0x82,0x01,0x02,0x00,0x80,0x01,0xfe,0xff,0xff,0x01,
  0xfc,0xff,0xff,0x01,0x00,0x00,0x00,0x00,
};
s_bitmap const ico_kalender = { 26, 26, bitmap_kalender };
s_disp_bitmap const disp_kalender = { Disp_Draw_Bitmap, 9, 0, &ico_kalender };
//-----------------------------------------------------------------------------
static unsigned char const bitmap_dag[] = 
{
  0x00,0x00,0x00,0x00,0x60,0x00,0x0c,0x00,0x90,0x00,0x12,0x00,0xfe,0xff,0xff,0x00,
  0x12,0x00,0x82,0x01,0x62,0x00,0x8c,0x01,0x02,0x00,0x80,0x01,0xfe,0xff,0xff,0x01,
  0x02,0x00,0x80,0x01,0x02,0x00,0x80,0x01,0x02,0x00,0x80,0x01,0x02,0x00,0x80,0x01,
  0x02,0x00,0x80,0x01,0x02,0x00,0x80,0x01,0x02,0x00,0x80,0x01,0x02,0x00,0x80,0x01,
  0x02,0x00,0x80,0x01,0x02,0x00,0x80,0x01,0x02,0x00,0x80,0x01,0x02,0x00,0x80,0x01,
  0x02,0x00,0x80,0x01,0x02,0x00,0x80,0x01,0x02,0x00,0x80,0x01,0xfe,0xff,0xff,0x01,
  0xfc,0xff,0xff,0x01,0x00,0x00,0x00,0x00,
};
s_bitmap const ico_dag = { 26, 26, bitmap_dag };
s_disp_bitmap const disp_dag = { Disp_Draw_Bitmap, 9, 0, &ico_dag };
//-----------------------------------------------------------------------------
static unsigned char const bitmap_voer[] = 
{
  0x00,0x00,0x00,0x00,0x00,0x00,0x00,0x00,0x00,0x00,0x00,0x00,0x00,0x00,0x00,0x00,
  0x00,0x00,0x00,0x00,0x00,0x00,0x00,0x00,0x00,0x00,0x00,0x00,0x00,0x00,0x00,0x00,
  0x00,0x00,0x00,0x00,0x00,0xfc,0x00,0x00,0x00,0x4b,0x03,0x00,0xc0,0x48,0x0c,0x00,
  0x20,0x84,0x10,0x00,0x10,0x84,0x20,0x00,0x08,0x02,0x41,0x00,0x08,0x02,0x41,0x00,
  0xfc,0xff,0xff,0x00,0xfc,0xff,0xff,0x00,0xf8,0xff,0x7f,0x00,0xf8,0xff,0x7f,0x00,
  0x00,0x00,0x00,0x00,0x00,0x00,0x00,0x00,0x00,0x00,0x00,0x00,0x00,0x00,0x00,0x00,
  0x00,0x00,0x00,0x00,0x00,0x00,0x00,0x00,
};
s_bitmap const ico_voer = { 26,26, bitmap_voer };
//-----------------------------------------------------------------------------
static unsigned char const bitmap_dierweging[] = 
{
  0x00,0x80,0x01,0x00,0x00,0x00,0x03,0x00,0x00,0x00,0x06,0x00,0x00,0x00,0x0c,0x00,
  0x00,0x00,0x18,0x00,0x00,0x00,0x10,0x00,0x00,0xf0,0x10,0x00,0x00,0x08,0x11,0x00,
  0x00,0x44,0x11,0x00,0x00,0x02,0x12,0x00,0x00,0x01,0x16,0x00,0xc0,0x80,0x11,0x00,
  0x20,0x90,0x10,0x00,0x10,0x90,0x10,0x00,0x90,0x88,0x10,0x00,0x90,0x47,0x10,0x00,
  0x20,0x20,0x10,0x00,0x40,0x18,0x10,0x00,0xc0,0x07,0x10,0x00,0x40,0x04,0x10,0x00,
  0xc0,0x1c,0x10,0x00,0x00,0x00,0x10,0x00,0xf8,0xff,0x7f,0x00,0x00,0x00,0x10,0x00,
  0x00,0x00,0x00,0x00,0x00,0x00,0x00,0x00,
};
s_bitmap const ico_dierweging = { 26,26, bitmap_dierweging };
//-----------------------------------------------------------------------------
static unsigned char const bitmap_io[] = 
{
  0x00,0x00,0x00,0x00,0x00,0x00,0x00,0x00,0x00,0x00,0x00,0x00,0xfe,0xff,0x03,0x00,
  0xfe,0xff,0x03,0x00,0x06,0x00,0x03,0x00,0x06,0x00,0x03,0x00,0x06,0x00,0x03,0x00,
  0x06,0x20,0x13,0x00,0x06,0x30,0x30,0x00,0x06,0x38,0x70,0x00,0x06,0xfc,0xff,0x00,
  0x06,0xfe,0xff,0x01,0x06,0xfe,0xff,0x01,0x06,0xfc,0xff,0x00,0x06,0x38,0x70,0x00,
  0x06,0x30,0x30,0x00,0x06,0x20,0x13,0x00,0x06,0x00,0x03,0x00,0x06,0x00,0x03,0x00,
  0x06,0x00,0x03,0x00,0xfe,0xff,0x03,0x00,0xfe,0xff,0x03,0x00,0x00,0x00,0x00,0x00,
  0x00,0x00,0x00,0x00,0x00,0x00,0x00,0x00,
};
static s_bitmap const ico_io = { 26,26, bitmap_io };
s_disp_bitmap const disp_io = { Disp_Draw_Bitmap, 9, 0, &ico_io };
//-----------------------------------------------------------------------------
static unsigned char const bitmap_globel[] = 
{
  0x00,0x00,0x00,0x00,0x00,0xfe,0x01,0x00,0x80,0xff,0x07,0x00,0xc0,0x03,0x1e,0x00,
  0xf0,0xc0,0x3f,0x00,0x78,0xe6,0x7f,0x00,0x7c,0x76,0xff,0x00,0x24,0xd8,0xff,0x00,
  0x06,0xf8,0xff,0x01,0x06,0xf8,0xff,0x01,0x03,0x9c,0xff,0x03,0x03,0xfc,0xfe,0x03,
  0x03,0xfe,0xff,0x03,0x03,0xff,0x8f,0x03,0x03,0xff,0x0f,0x03,0x03,0xfe,0x07,0x03,
  0x03,0xf0,0x03,0x03,0x02,0xf0,0x81,0x01,0x06,0xf0,0x81,0x01,0x04,0xe0,0xc1,0x00,
  0x0c,0xe0,0xc1,0x00,0x18,0xe0,0x60,0x00,0x30,0x60,0x18,0x00,0xe0,0x00,0x0c,0x00,
  0x80,0xff,0x07,0x00,0x00,0xfe,0x01,0x00,
};
static s_bitmap const ico_globel = { 26,26, bitmap_globel };
s_disp_bitmap const disp_globel = { Disp_Draw_Bitmap, 9, 0, &ico_globel };
//-----------------------------------------------------------------------------
static unsigned char const bitmap_can_local[] = 
{
  0x00,0x00,0x00,0x00,0x00,0x00,0x00,0x00,0xf0,0xf1,0x01,0x00,0x10,0x11,0x01,0x00,
  0x10,0x11,0x01,0x00,0x10,0x11,0x01,0x00,0x10,0x11,0x01,0x00,0x10,0x11,0x01,0x00,
  0xf0,0xf1,0x01,0x00,0x40,0x40,0x00,0x00,0x40,0x40,0x00,0x00,0x40,0x40,0x00,0x00,
  0xff,0xff,0xff,0x03,0x00,0x04,0x04,0x00,0x00,0x04,0x04,0x00,0x00,0x04,0x04,0x00,
  0x00,0x1f,0x1f,0x00,0x00,0x11,0x11,0x00,0x00,0x11,0x11,0x00,0x00,0x11,0x11,0x00,
  0x00,0x11,0x11,0x00,0x00,0x11,0x11,0x00,0x00,0x1f,0x1f,0x00,0x00,0x00,0x00,0x00,
  0x00,0x00,0x00,0x00,0x00,0x00,0x00,0x00,
};
s_bitmap const ico_can_local = { 26,26, bitmap_can_local };
s_disp_bitmap const disp_can_local = { Disp_Draw_Bitmap, 9, 0, &ico_can_local };
//-----------------------------------------------------------------------------
static unsigned char const bitmap_pen[] = 
{
  0x00,0x00,0x00,0x00,0x00,0x00,0x00,0x00,0x00,0x00,0x38,0x00,0x00,0x00,0x64,0x00,
  0x00,0x00,0x92,0x00,0x00,0x00,0x89,0x01,0x00,0x80,0x44,0x01,0x00,0x40,0x22,0x01,
  0x00,0x20,0x91,0x00,0x00,0x90,0x48,0x00,0x00,0x48,0x24,0x00,0x00,0x24,0x12,0x00,
  0x00,0x12,0x09,0x00,0x00,0x89,0x04,0x00,0x80,0x44,0x02,0x00,0x40,0x22,0x01,0x00,
  0x60,0x91,0x00,0x00,0xa0,0x49,0x00,0x00,0x10,0x26,0x00,0x00,0x10,0x12,0x00,0x00,
  0x08,0x0c,0x00,0x00,0x18,0x06,0x00,0x00,0xbc,0x01,0x00,0x00,0x7c,0x00,0x00,0x00,
  0x1c,0x00,0x00,0x00,0x00,0x00,0x00,0x00,
};
static s_bitmap const ico_pen = { 26,26, bitmap_pen };
s_disp_bitmap const disp_pen = { Disp_Draw_Bitmap, 9, 0, &ico_pen };
//-----------------------------------------------------------------------------
static unsigned char const bitmap_bril[] = 
{
  0x00,0x00,0x00,0x00,0x00,0x00,0x00,0x00,0x00,0x00,0x00,0x00,0x00,0x20,0x00,0x00,
  0x00,0x78,0x00,0x00,0x00,0xce,0x00,0x00,0x00,0x83,0x03,0x00,0xc0,0x07,0x00,0x00,
  0x60,0x3b,0x00,0x00,0x98,0xe1,0x01,0x00,0xce,0x00,0x1f,0x00,0x03,0x00,0xf8,0x01,
  0xff,0x01,0xff,0x03,0x01,0xc7,0x01,0x03,0x01,0x7c,0x00,0x01,0x01,0x7c,0x00,0x01,
  0x01,0x44,0x00,0x01,0x03,0x46,0x80,0x01,0x02,0xc2,0x80,0x00,0x06,0x83,0xc0,0x00,
  0xfc,0x01,0x7f,0x00,0x00,0x00,0x00,0x00,0x00,0x00,0x00,0x00,0x00,0x00,0x00,0x00,
  0x00,0x00,0x00,0x00,0x00,0x00,0x00,0x00,
};
static s_bitmap const ico_bril = { 26,26, bitmap_bril };
s_disp_bitmap const disp_bril = { Disp_Draw_Bitmap, 9, 0, &ico_bril };
//*****************************************************************************
static unsigned char const bitmap_alarm[] = 
{
  0x00,0xc0,0x03,0x00,0x38,0x02,0x1f,0x07,0x01,0xf1,0x00,0x01,0x11,0x80,0x00,0x11,
  0x80,0x00,0xf1,0x40,0x00,0x1f,0x47,0x00,0x00,0x38,0x00,
};
s_bitmap const ico_alarm = { 18, 9, bitmap_alarm };
s_disp_bitmap const disp_alarm_0 = { Disp_Draw_Bitmap, 17,11, &ico_alarm };
//-----------------------------------------------------------------------------
static unsigned char const bitmap_alarm_on[] = 
{
  0x00,0x00,0x00,0x00,0x00,0x00,0x00,0x00,0x00,0x00,0x00,0x00,0x00,0x00,0x00,0x00,
  0x00,0x00,0x00,0x00,0x00,0x00,0x20,0x00,0x00,0x00,0x10,0x00,0x00,0xc0,0x0b,0x00,
  0x00,0x38,0x62,0x00,0x1f,0x07,0x19,0x00,0xf1,0x00,0x01,0x00,0x11,0x80,0x7c,0x00,
  0x11,0x80,0x00,0x00,0xf1,0x40,0x06,0x00,0x1f,0x47,0x18,0x00,0x00,0x38,0x61,0x00,
  0x00,0x00,0x02,0x00,0x00,0x00,0x04,0x00,0x00,0x00,0x08,0x00,0x00,0x00,0x10,0x00,
  0x00,0x00,0x00,0x00,0x00,0x00,0x00,0x00,0x00,0x00,0x00,0x00,0x00,0x00,0x00,0x00,
  0x00,0x00,0x00,0x00,0x00,0x00,0x00,0x00,
};
s_bitmap const ico_alarm_on = { 26, 26, bitmap_alarm_on };
s_disp_bitmap const disp_alarm_on = { Disp_Draw_Bitmap, 9, 0, &ico_alarm_on };
//-----------------------------------------------------------------------------
static unsigned char const bitmap_plus[] = 
{
  0x0c,0x0c,0x3f,0x3f,0x0c,0x0c,
};
s_bitmap const ico_plus = { 6, 6, bitmap_plus };
s_disp_bitmap const disp_plus_0 = { Disp_Draw_Bitmap, 9,13, &ico_plus };
//-----------------------------------------------------------------------------
static unsigned char const bitmap_min[] = 
{
  0x00,0x00,0x3f,0x3f,0x00,0x00,
};
s_bitmap const ico_min = { 6, 6, bitmap_min };
s_disp_bitmap const disp_min_0 = { Disp_Draw_Bitmap, 9,13, &ico_min };
//-----------------------------------------------------------------------------
static unsigned char const bitmap_abs[] = 
{
  0xce,0xe3,0x01,0xca,0x36,0x00,0xdb,0x36,0x00,0xdb,0xe3,0x00,0xdf,0x86,0x01,0xdb,
  0x86,0x01,0xdb,0xf3,0x00,
};
s_bitmap const ico_abs = { 17, 7, bitmap_abs };
s_disp_bitmap const disp_abs_0 = { Disp_Draw_Bitmap, 18, 2, &ico_abs };
//-----------------------------------------------------------------------------
static unsigned char const bitmap_streef[] = 
{
  0x11,0x11,0x01,0xff,0xff,0x01,0x01,0x00,0x01,0x01,0x01,0x01,0x80,0x03,0x00,0xc0,
  0x07,0x00,0xe0,0x0f,0x00,0xf0,0x1f,0x00,
};
s_bitmap const ico_streef = { 17, 8, bitmap_streef };
s_disp_bitmap const disp_streef_0 = { Disp_Draw_Bitmap, 9,12, &ico_streef };
s_disp_bitmap const disp_streef_1 = { Disp_Draw_Bitmap,13,12, &ico_streef };
//-----------------------------------------------------------------------------
static unsigned char const binnenklep_ico_data[] =
{
  0xf0,0x07,0x10,0x00,0x10,0x00,0x08,0x00,0x10,0x04,0x20,0x06,0x08,0x3f,0x10,0x3f,
  0x20,0x06,0x08,0x04,0x10,0x00,0x20,0x00,0x10,0x00,0xff,0x07,
};
s_bitmap const binnenklep_ico = { 14, 14, binnenklep_ico_data };
//-----------------------------------------------------------------------------
static unsigned char const buitenklep_ico_data[] =
{
  0x00,0x02,0x00,0x02,0x00,0x02,0x00,0x04,0x08,0x02,0x18,0x01,0x3f,0x04,0x3f,0x02,
  0x18,0x01,0x08,0x04,0x00,0x02,0x00,0x01,0x00,0x02,0x00,0x3e,
};
s_bitmap const buitenklep_ico = { 14, 14, buitenklep_ico_data };
//-----------------------------------------------------------------------------
static unsigned char const bitmap_hysterese_22x16[] = 
{
  0x01,0x00,0x00,0x01,0x00,0x00,0xe1,0x0f,0x00,0x01,0x09,0x00,0x01,0x09,0x00,0x01,
  0x09,0x00,0x01,0x09,0x00,0x01,0x09,0x00,0x01,0x09,0x00,0x01,0x7f,0x00,0x01,0x00,
  0x00,0xff,0xff,0x3f,0x00,0x00,0x00,0x00,0x09,0x00,0x00,0x0f,0x00,0x00,0x09,0x00,
};
s_bitmap const ico_hysterese = { 22, 16, bitmap_hysterese_22x16 };
s_disp_bitmap const disp_hysterese = { Disp_Draw_Bitmap, 9, 7, &ico_hysterese };
//-----------------------------------------------------------------------------
static unsigned char const bandbreedte_ico_data[] =
{
  0x01,0x00,0x01,0x00,0x3f,0x00,0x41,0x00,0x81,0x00,0x01,0x01,0x01,0x02,0x01,0x7c,
  0x01,0x00,0x01,0x00,0x01,0x00,0xff,0x7f,0x00,0x00,0x20,0x04,0xe0,0x07,0x20,0x04,
};
s_bitmap const bandbreedte_ico = { 15, 16, bandbreedte_ico_data };
s_disp_bitmap const disp_bandbreedte_ico = { Disp_Draw_Bitmap, 9, 7, &bandbreedte_ico };
//-----------------------------------------------------------------------------
static unsigned char const bitmap_check_not[] = 
{
  0xfe,0xff,0x00,0x03,0x80,0x01,0x05,0x40,0x03,0x09,0x20,0x03,0x11,0x10,0x03,0x21,
  0x08,0x03,0x41,0x04,0x03,0x81,0x02,0x03,0x01,0x01,0x03,0x81,0x02,0x03,0x41,0x04,
  0x03,0x21,0x08,0x03,0x11,0x10,0x03,0x09,0x20,0x03,0x05,0x40,0x03,0x03,0x80,0x03,
  0xfe,0xff,0x03,0xfc,0xff,0x01,
};
s_bitmap const ico_check_not = { 18, 18, bitmap_check_not };
//-----------------------------------------------------------------------------
static unsigned char const bitmap_check_off[] = 
{
  0xfe,0xff,0x00,0x01,0x00,0x01,0x01,0x00,0x03,0x01,0x00,0x03,0x01,0x00,0x03,0x01,
  0x00,0x03,0x01,0x00,0x03,0x01,0x00,0x03,0x01,0x00,0x03,0x01,0x00,0x03,0x01,0x00,
  0x03,0x01,0x00,0x03,0x01,0x00,0x03,0x01,0x00,0x03,0x01,0x00,0x03,0x01,0x00,0x03,
  0xfe,0xff,0x03,0xfc,0xff,0x01,
};
s_bitmap const ico_check_off = { 18, 18, bitmap_check_off };
//-----------------------------------------------------------------------------
static unsigned char const bitmap_check_on[] = 
{
  0xfe,0xff,0x00,0x01,0x00,0x01,0x01,0x00,0x03,0x01,0x60,0x03,0x01,0x30,0x03,0x01,
  0x18,0x03,0x01,0x0c,0x03,0x01,0x0e,0x03,0x0d,0x06,0x03,0x39,0x07,0x03,0xf1,0x03,
  0x03,0xe1,0x03,0x03,0xc1,0x01,0x03,0xc1,0x01,0x03,0x81,0x00,0x03,0x01,0x00,0x03,
  0xfe,0xff,0x03,0xfc,0xff,0x01,
};
s_bitmap const ico_check_on = { 18, 18, bitmap_check_on };
s_bitmap const * const bmp_false_true[3] = { &ico_check_off, &ico_check_on, &ico_check_not };
//-----------------------------------------------------------------------------
unsigned char const checkje_off_ico_data[] =
{
  0xfe,0x03,0x01,0x04,0x01,0x0c,0x01,0x0c,0x01,0x0c,0x01,0x0c,0x01,0x0c,0x01,0x0c,
  0x01,0x0c,0x01,0x0c,0xfe,0x0f,0xfc,0x07,
};
s_bitmap const checkje_off_ico = { 12, 12, checkje_off_ico_data };
//-----------------------------------------------------------------------------
unsigned char const checkje_on_ico_data[] =
{
  0xfe,0x03,0x01,0x04,0x01,0x0c,0x01,0x0d,0x81,0x0c,0xcd,0x0c,0x79,0x0c,0x71,0x0c,
  0x21,0x0c,0x01,0x0c,0xfe,0x0f,0xfc,0x07,
};
s_bitmap const checkje_on_ico = { 12, 12, checkje_on_ico_data };
//-----------------------------------------------------------------------------
static unsigned char const checkje_disabled_ico_data[] =
{
  0xfe,0x03,0x01,0x04,0x55,0x0d,0xa9,0x0c,0x55,0x0d,0xa9,0x0c,0x55,0x0d,0xa9,0x0c,
  0x55,0x0d,0x01,0x0c,0xfe,0x0f,0xfc,0x07,
};
s_bitmap const ico_checkje_disabled = { 12, 12, checkje_disabled_ico_data };
s_bitmap const * const bmp_false_true_klein[3] = { &checkje_off_ico, &checkje_on_ico, &ico_checkje_disabled };
//-----------------------------------------------------------------------------
static unsigned char const bitmap_vink[] = 
{
  0x00,0x18,0x00,0x0c,0x00,0x06,0x00,0x03,0x80,0x03,0x83,0x01,0xce,0x01,0xfc,0x00,
  0xf8,0x00,0x70,0x00,0x70,0x00,0x20,0x00,
};
s_bitmap const ico_vink = { 13, 12, bitmap_vink };
//-----------------------------------------------------------------------------
static unsigned char const bitmap_arrow_left_14[] = 
{
  0x40,0x00,0x60,0x00,0x70,0x00,0x78,0x00,0xfc,0x3f,0xfe,0x3f,0xff,0x3f,0xff,0x3f,
  0xfe,0x3f,0xfc,0x3f,0x78,0x00,0x70,0x00,0x60,0x00,0x40,0x00,
};
s_bitmap const ico_arrow_left_14 = { 14, 14, bitmap_arrow_left_14 };
//-----------------------------------------------------------------------------
static unsigned char const bitmap_arrow_right_14[] = 
{
  0x80,0x00,0x80,0x01,0x80,0x03,0x80,0x07,0xff,0x0f,0xff,0x1f,0xff,0x3f,0xff,0x3f,
  0xff,0x1f,0xff,0x0f,0x80,0x07,0x80,0x03,0x80,0x01,0x80,0x00,
};
s_bitmap const ico_arrow_right_14 = { 14, 14, bitmap_arrow_right_14 };
//-----------------------------------------------------------------------------
static unsigned char const bitmap_arrow_up_14[] = 
{
  0xc0,0x00,0xe0,0x01,0xf0,0x03,0xf8,0x07,0xfc,0x0f,0xfe,0x1f,0xff,0x3f,0xf0,0x03,
  0xf0,0x03,0xf0,0x03,0xf0,0x03,0xf0,0x03,0xf0,0x03,0xf0,0x03,
};
s_bitmap const ico_arrow_up_14 = { 14, 14, bitmap_arrow_up_14 };
s_disp_bitmap const disp_bevestig_arrow_up_bmp = { Disp_Draw_Bitmap,   85+3, 53+19, &ico_arrow_up_14 };
//-----------------------------------------------------------------------------
static unsigned char const bitmap_arrow_down_14[] = 
{
  0xf0,0x03,0xf0,0x03,0xf0,0x03,0xf0,0x03,0xf0,0x03,0xf0,0x03,0xf0,0x03,0xff,0x3f,
  0xfe,0x1f,0xfc,0x0f,0xf8,0x07,0xf0,0x03,0xe0,0x01,0xc0,0x00,
};
s_bitmap const ico_arrow_down_14 = { 14, 14, bitmap_arrow_down_14 };
//-----------------------------------------------------------------------------
static unsigned char const bitmap_enter_OK_14[] = 
{
  0x78,0x30,0x30,0xfc,0x30,0x38,0x8e,0x31,0x1c,0x86,0x31,0x0e,0x03,0x33,0x07,0x03,
  0xb3,0x03,0x03,0xf3,0x01,0x03,0xf3,0x03,0x03,0x73,0x07,0x03,0x33,0x0e,0x86,0x31,
  0x0c,0xce,0x31,0x18,0xfc,0x30,0x38,0x78,0x30,0x30,
};
s_bitmap const ico_enter_OK_14 = { 22, 14, bitmap_enter_OK_14 };
//-----------------------------------------------------------------------------
static unsigned char const bitmap_messages_screen_bot[] = 
{
  0xff,0xff,0xff,0xff,0xff,0xff,0xff,0xff,0xff,0xff,0xff,0xff,0xff,0xff,0xff,0xff,
  0xff,0xff,0xff,0xff,0xff,0x03,0xfe,0xff,0xff,0xff,0xff,0xff,0xff,0xff,0xff,0xff,
  0xff,0xff,0xff,0xff,0xff,0xff,0xff,0xff,0xff,0xff,0xff,0x03,0xfc,0xff,0xff,0xff,
  0xff,0xff,0xff,0xff,0xff,0xff,0xff,0xff,0xff,0xff,0xff,0xff,0xff,0xff,0xff,0xff,
  0xff,0x03,0xf8,0xff,0xff,0xff,0xff,0xff,0xff,0xff,0xff,0xff,0xff,0xff,0xff,0xff,
  0xff,0xff,0xff,0xff,0xff,0xff,0xff,0x01,
};
s_bitmap const ico_messages_screen_bot = { 170, 4, bitmap_messages_screen_bot };
//-----------------------------------------------------------------------------
static unsigned char const bitmap_messages_screen_right[] = 
{
  0x01,0x03,0x07,0x0f,0x0f,0x0f,0x0f,0x0f,0x0f,0x0f,0x0f,0x0f,0x0f,0x0f,0x0f,0x0f,
  0x0f,0x0f,0x0f,0x0f,0x0f,0x0f,0x0f,0x0f,0x0f,0x0f,0x0f,0x0f,0x0f,0x0f,0x0f,0x0f,
  0x0f,0x0f,0x0f,0x0f,0x0f,0x0f,0x0f,0x0f,0x0f,0x0f,0x0f,0x0f,0x0f,0x0f,0x0f,0x0f,
  0x0f,0x0f,0x0f,0x0f,0x0f,0x0f,0x0f,0x0f,0x0f,0x0f,0x0f,0x07,
};
s_bitmap const ico_messages_screen_right = { 4, 60, bitmap_messages_screen_right };

//-----------------------------------------------------------------------------
static unsigned char const bitmap_alert[] = 
{
  0x00,0x00,0x0f,0x00,0x00,0x00,0xc0,0x3f,0x00,0x00,0x00,0xe0,0x7f,0x00,0x00,0x00,
  0xe0,0x7f,0x00,0x00,0x00,0xf0,0xff,0x00,0x00,0x00,0xf0,0xf9,0x00,0x00,0x00,0xf8,
  0xf0,0x01,0x00,0x00,0xfc,0xf0,0x03,0x00,0x00,0x7c,0xe0,0x03,0x00,0x00,0x3e,0xc0,
  0x07,0x00,0x00,0x3e,0xc6,0x07,0x00,0x00,0x1f,0x8f,0x0f,0x00,0x80,0x1f,0x8f,0x1f,
  0x00,0x80,0x0f,0x0f,0x1f,0x00,0xc0,0x07,0x0f,0x3e,0x00,0xc0,0x07,0x0f,0x3e,0x00,
  0xe0,0x03,0x0f,0x7c,0x00,0xf0,0x03,0x0f,0xfc,0x00,0xf0,0x01,0x0f,0xf8,0x00,0xf8,
  0x00,0x0f,0xf0,0x01,0xf8,0x00,0x0f,0xf0,0x01,0x7c,0x00,0x06,0xe0,0x03,0x3e,0x00,
  0x00,0xc0,0x07,0x3e,0x00,0x06,0xc0,0x07,0x1f,0x00,0x0f,0x80,0x07,0x1f,0x00,0x0f,
  0x80,0x0f,0x1f,0x00,0x06,0x80,0x0f,0x1f,0x00,0x00,0x80,0x0f,0xff,0xff,0xff,0xff,
  0x0f,0xfe,0xff,0xff,0xff,0x07,0xfe,0xff,0xff,0xff,0x07,0xf8,0xff,0xff,0xff,0x01,
};
s_bitmap const ico_alert = { 36, 32, bitmap_alert };
//-----------------------------------------------------------------------------
static unsigned char const bitmap_error[] = 
{
  0x00,0xf0,0x0f,0x00,0x00,0xfe,0x7f,0x00,0x80,0xff,0xff,0x01,0xc0,0xff,0xff,0x03,
  0xe0,0xff,0xff,0x07,0xf0,0xff,0xff,0x0f,0xf8,0xfd,0xbf,0x1f,0xfc,0xf8,0x1f,0x3f,
  0x7c,0xf0,0x0f,0x3e,0x3e,0xe0,0x07,0x7c,0x7e,0xc0,0x03,0x7e,0xfe,0x80,0x01,0x7f,
  0xff,0x01,0x80,0xff,0xff,0x03,0xc0,0xff,0xff,0x07,0xe0,0xff,0xff,0x0f,0xf0,0xff,
  0xff,0x0f,0xf0,0xff,0xff,0x07,0xe0,0xff,0xff,0x03,0xc0,0xff,0xff,0x01,0x80,0xff,
  0xfe,0x80,0x01,0x7f,0x7e,0xc0,0x03,0x7e,0x3e,0xe0,0x07,0x7c,0x7c,0xf0,0x0f,0x3e,
  0xfc,0xf8,0x1f,0x3f,0xf8,0xfd,0xbf,0x1f,0xf0,0xff,0xff,0x0f,0xe0,0xff,0xff,0x07,
  0xc0,0xff,0xff,0x03,0x80,0xff,0xff,0x01,0x00,0xfe,0x7f,0x00,0x00,0xf0,0x0f,0x00,
};
s_bitmap const ico_error = { 32, 32, bitmap_error };
//-----------------------------------------------------------------------------
static unsigned char const bitmap_copy_21x25[] = // copy_ico.bmp
{
  0xff,0x03,0x00,0x01,0x06,0x00,0x01,0x0a,0x00,0x01,0x12,0x00,0x6d,0x3e,0x00,0x01,
  0x20,0x00,0x01,0x20,0x00,0xad,0xff,0x01,0x81,0x00,0x03,0x81,0x00,0x05,0xad,0x00,
  0x09,0x81,0x36,0x1f,0x81,0x00,0x10,0xad,0x00,0x10,0x81,0x76,0x11,0x81,0x00,0x10,
  0x81,0x00,0x10,0xff,0x76,0x11,0x80,0x00,0x10,0x80,0x00,0x10,0x80,0x76,0x11,0x80,
  0x00,0x10,0x80,0x00,0x10,0x80,0x00,0x10,0x80,0xff,0x1f,
};
s_bitmap const ico_copy_21x25 = { 21, 25, bitmap_copy_21x25 };
s_disp_bitmap const disp_copy_inst = { Disp_Draw_Bitmap, 9, 4, &ico_copy_21x25 };
//-----------------------------------------------------------------------------
static unsigned char const bitmap_ingang[] = 
{
  0xff,0xff,0x00,0xff,0xff,0x00,0x03,0xc0,0x00,0x03,0xc0,0x00,0x03,0xc8,0x00,0x03,
  0x0c,0x00,0x03,0x0e,0x00,0x03,0xff,0x03,0x83,0xff,0x03,0x83,0xff,0x03,0x03,0xff,
  0x03,0x03,0x0e,0x00,0x03,0x0c,0x00,0x03,0xc8,0x00,0x03,0xc0,0x00,0x03,0xc0,0x00,
  0xff,0xff,0x00,0xff,0xff,0x00,
};
s_bitmap const ico_ingang = { 18, 18, bitmap_ingang };
s_disp_bitmap const disp_ingang_inst = { Disp_Draw_Bitmap, 2, 4, &ico_ingang };
s_disp_bitmap const disp_ingang = { Disp_Draw_Bitmap, 37, 4, &ico_ingang };
//-----------------------------------------------------------------------------
static unsigned char const bitmap_uitgang[] = 
{
  0xff,0xff,0x00,0xff,0xff,0x00,0x03,0xc0,0x00,0x03,0xc0,0x00,0x03,0xc4,0x00,0x03,
  0x0c,0x00,0x03,0x1c,0x00,0xf3,0x3f,0x00,0xf3,0x7f,0x00,0xf3,0x7f,0x00,0xf3,0x3f,
  0x00,0x03,0x1c,0x00,0x03,0x0c,0x00,0x03,0xc4,0x00,0x03,0xc0,0x00,0x03,0xc0,0x00,
  0xff,0xff,0x00,0xff,0xff,0x00,
};
s_bitmap const ico_uitgang = { 18, 18, bitmap_uitgang };
s_disp_bitmap const disp_uitgang_inst = { Disp_Draw_Bitmap, 2, 4, &ico_uitgang };
s_disp_bitmap const disp_uitgang = { Disp_Draw_Bitmap, 37, 4, &ico_uitgang };
//-----------------------------------------------------------------------------
static unsigned char const bitmap_analoog[] = 
{
  0x00,0x10,0x00,0x00,0x10,0x00,0x20,0x10,0x00,0x20,0x10,0x01,0x22,0x28,0x01,0x32,
  0x28,0x01,0x32,0xaa,0x02,0x55,0xaa,0x0a,0x55,0xaa,0x0a,0x54,0xad,0x06,0x48,0xc5,
  0x04,0x48,0x45,0x04,0x88,0x45,0x00,0x80,0x40,0x00,0x80,0x00,0x00,0x80,0x00,0x00,
};
s_bitmap const ico_analoog = { 20, 16, bitmap_analoog };
s_disp_bitmap const disp_analoog = { Disp_Draw_Bitmap, 28, 6, &ico_analoog };
//-----------------------------------------------------------------------------
static unsigned char const bitmap_digitaal[] = 
{
  0xf0,0xc3,0x0f,0x10,0x42,0x00,0x10,0x42,0x00,0x10,0x42,0x00,0x10,0x42,0x00,0x10,
  0x42,0x00,0x10,0x42,0x00,0x10,0x42,0x00,0x10,0x42,0x00,0x10,0x42,0x00,0x10,0x42,
  0x00,0x10,0x42,0x00,0x1f,0x7e,0x00,
};
s_bitmap const ico_digitaal = { 20, 13, bitmap_digitaal };
s_disp_bitmap const disp_digitaal = { Disp_Draw_Bitmap, 28, 6, &ico_digitaal };
//-----------------------------------------------------------------------------
static unsigned char const bitmap_IO_CO2[] = 
{
  0x1c,0x0e,0x36,0x1b,0x83,0x31,0x83,0x31,0x83,0x31,0x83,0x31,0x83,0x31,0x83,0x31,
  0x36,0x1b,0x1c,0x4e,0x00,0xa0,0x00,0x80,0x00,0x40,0x00,0xe0,
};
s_bitmap const ico_IO_CO2 = { 16, 14, bitmap_IO_CO2 };
//-----------------------------------------------------------------------------
static unsigned char const bitmap_IO_Pa[] = 
{
  0x7e,0x00,0xc6,0x00,0xc6,0x00,0xc6,0x3c,0xc6,0x62,0x7e,0x78,0x06,0x6c,0x06,0x66,
  0x06,0x66,0x06,0x7c,0x00,0x00,0x00,0x00,0x00,0x00,0x00,0x00,
};
s_bitmap const ico_IO_Pa = { 16, 14, bitmap_IO_Pa };
//-----------------------------------------------------------------------------
static unsigned char const bitmap_IO_RV[] = 
{
  0x08,0x00,0x0c,0x00,0x1c,0x10,0x1e,0x18,0x3a,0x38,0x36,0x3c,0x1c,0x74,0x80,0x6c,
  0xc0,0x38,0xc0,0x01,0xe0,0x01,0xa0,0x03,0x60,0x03,0xc0,0x01,
};
s_bitmap const ico_IO_RV = { 16, 14, bitmap_IO_RV };
//-----------------------------------------------------------------------------
static unsigned char const bitmap_IO_temperatuur[] = 
{
  0x80,0x00,0x40,0x01,0x40,0x01,0x40,0x01,0x40,0x01,0x40,0x01,0xc0,0x01,0xc0,0x01,
  0xc0,0x01,0xc0,0x01,0xe0,0x03,0xe0,0x03,0xe0,0x03,0xc0,0x01,
};
s_bitmap const ico_IO_temperatuur = { 16, 14, bitmap_IO_temperatuur };
//-----------------------------------------------------------------------------
static unsigned char const bitmap_IO_windrichting[] = 
{
  0x00,0xf8,0x80,0xfc,0xff,0xff,0x80,0xfc,0x80,0xf8,0x80,0x00,0x40,0x01,0x20,0x02,
  0x20,0x02,0x20,0x02,0x20,0x02,0x20,0x02,0x20,0x02,0xe0,0x03,
};
s_bitmap const ico_IO_windrichting = { 16, 14, bitmap_IO_windrichting };
//-----------------------------------------------------------------------------
static unsigned char const bitmap_IO_windsnelheid[] = 
{
  0x1c,0x1c,0xa2,0x22,0xc1,0x41,0xc1,0x41,0xa2,0x22,0x9c,0x1c,0x40,0x01,0x20,0x02,
  0x20,0x02,0x20,0x02,0x20,0x02,0x20,0x02,0x20,0x02,0xe0,0x03,
};
s_bitmap const ico_IO_windsnelheid = { 16, 14, bitmap_IO_windsnelheid };
//-----------------------------------------------------------------------------
static unsigned char const bitmap_IO_vent[] = 
{
  0x4c,0x30,0x92,0x48,0x22,0x44,0x44,0x22,0x48,0x92,0xf0,0x4f,0xc0,0x23,0xc4,0x03,
  0xf2,0x0f,0x49,0x12,0x44,0x22,0x22,0x44,0x12,0x49,0x0c,0x32,
};
s_bitmap const ico_IO_vent = { 16, 14, bitmap_IO_vent };
//-----------------------------------------------------------------------------
static unsigned char const bitmap_IO_klep[] = 
{
  0x00,0x0e,0x80,0x07,0xe0,0x01,0x78,0x00,0x58,0x00,0x40,0x00,0x40,0x00,0x00,0x02,
  0x00,0x03,0x80,0x01,0xc0,0x00,0x40,0x00,0x40,0x00,0xc0,0x0f,
};
s_bitmap const ico_IO_klep = { 16, 14, bitmap_IO_klep };
//-----------------------------------------------------------------------------
static unsigned char const bitmap_IO_motor[] =
{
  0x00,0x00,0xc0,0x01,0x30,0x06,0x08,0x08,0x08,0x08,0x66,0x33,0xe6,0x33,0xa6,0x32,
  0x26,0x32,0x08,0x08,0x08,0x08,0x30,0x06,0xc0,0x01,0x00,0x00,
};
s_bitmap const ico_IO_motor = { 16, 14, bitmap_IO_motor };
//-----------------------------------------------------------------------------
unsigned char const bitmap_IO_raam[] =
{
  0x38,0x00,0xe0,0x06,0x80,0x1f,0x80,0x30,0x20,0x00,0x0e,0x00,0x06,0x00,0x04,0x00,
  0x04,0x00,0x04,0x00,0x04,0x00,0x04,0x00,0x04,0x00,0xfc,0x3f,
};
s_bitmap const ico_IO_raam = { 16, 14, bitmap_IO_raam };
//-----------------------------------------------------------------------------
unsigned char const bitmap_IO_doek[] =
{
  0x00,0x00,0x00,0x06,0x80,0x1f,0xe0,0x30,0x38,0x00,0x0e,0x00,0xfe,0x03,0x04,0x00,
  0x04,0x00,0x04,0x00,0x04,0x00,0x04,0x00,0x04,0x00,0xfc,0x3f,
};
s_bitmap const ico_IO_doek = { 16, 14, bitmap_IO_doek };
//-----------------------------------------------------------------------------
static unsigned char const bitmap_IO_lamel[] =
{
  0xf8,0x0f,0x18,0x0c,0x00,0x03,0xc0,0x00,0x30,0x00,0x00,0x03,0xc0,0x00,0x30,0x00,
  0x00,0x03,0xc0,0x00,0x30,0x00,0x00,0x00,0x18,0x0c,0xf8,0x0f,
};
s_bitmap const ico_IO_lamel = { 16, 14, bitmap_IO_lamel };
//-----------------------------------------------------------------------------
static unsigned char const bitmap_IO_verwarm[] = 
{
  0x80,0x00,0x80,0x00,0xc0,0x01,0xc0,0x03,0xe4,0x13,0xe4,0x17,0xac,0x1f,0x3e,0x3f,
  0x3e,0x3d,0x1e,0x1d,0x1e,0x1c,0x3c,0x0c,0x38,0x07,0xe0,0x03,
};
s_bitmap const ico_IO_verwarm = { 16, 14, bitmap_IO_verwarm };
//-----------------------------------------------------------------------------
static unsigned char const bitmap_IO_koel[] = 
{
  0xb0,0x06,0xa4,0x12,0xc8,0x09,0x92,0x24,0xa6,0x32,0xc8,0x09,0xfe,0x3f,0xc8,0x09,
  0xa6,0x32,0x92,0x24,0xc8,0x09,0xa4,0x12,0xb0,0x06,0x00,0x00,
};
s_bitmap const ico_IO_koel = { 16, 14, bitmap_IO_koel };
//-----------------------------------------------------------------------------
static unsigned char const bitmap_IO_licht[] = 
{
  0x38,0x00,0x44,0x00,0x82,0x00,0x01,0x01,0x01,0x01,0x01,0x01,0x82,0x00,0x44,0x00,
  0x38,0x6e,0x38,0x2a,0x38,0x2a,0x38,0x3b,0x10,0x00,0x00,0x00,
};
s_bitmap const ico_IO_licht = { 16, 14, bitmap_IO_licht };
//-----------------------------------------------------------------------------
static unsigned char const bitmap_IO_uni_reg[] = 
{
  0x80,0xba,0x80,0x2a,0x80,0xaa,0x80,0xaa,0x80,0xab,0x01,0x00,0x01,0x3e,0x01,0x01,
  0x81,0x00,0x41,0x00,0x3f,0x00,0x21,0x00,0x21,0x00,0xff,0x3f,
};
s_bitmap const ico_IO_uni_reg = { 16, 14, bitmap_IO_uni_reg };
//-----------------------------------------------------------------------------
static unsigned char const bitmap_IO_klok[] = 
{
  0x38,0x00,0x44,0x00,0x92,0x00,0x11,0x01,0x11,0x01,0x09,0x01,0x05,0x01,0x82,0x00,
  0x44,0x6e,0x38,0x2a,0x00,0x2a,0x00,0x3b,0x00,0x00,0x00,0x00,
};
s_bitmap const ico_IO_klok = { 16, 14, bitmap_IO_klok };
//-----------------------------------------------------------------------------
static unsigned char const bitmap_IO_alarm[] =
{
  0x00,0x00,0x00,0x00,0x00,0xf0,0x00,0x8e,0xcf,0x41,0x39,0x40,0x09,0x20,0x09,0x20,
  0x39,0x10,0xcf,0x11,0x00,0x0e,0x00,0x00,0x00,0x00,0x00,0x00,
};
s_bitmap const ico_IO_alarm = { 16, 14, bitmap_IO_alarm };
//-----------------------------------------------------------------------------
static unsigned char const bitmap_IO_tunnel[] = 
{
  0x00,0x00,0xfc,0x3f,0xfc,0x3f,0x7c,0x3e,0x1c,0x38,0x0c,0x30,0x0c,0x30,0x0c,0x30,
  0x0c,0x30,0x0c,0x30,0x0c,0x30,0x0c,0x30,0x0c,0x30,0x00,0x00,
};
s_bitmap const ico_IO_tunnel = { 16, 14, bitmap_IO_tunnel };
//-----------------------------------------------------------------------------
static unsigned char const bitmap_IO_voer[] = 
{
  0x00,0x00,0x00,0x00,0x00,0x00,0xf0,0x0f,0x58,0x1a,0x44,0x22,0x22,0x44,0x22,0x44,
  0xff,0xff,0xff,0xff,0xfe,0x7f,0x00,0x00,0x00,0x00,0x00,0x00,
};
s_bitmap const ico_IO_voer = { 16, 14, bitmap_IO_voer };
//-----------------------------------------------------------------------------
static unsigned char const bitmap_IO_voer_puls[] = 
{
  0xc0,0x79,0x00,0x49,0x00,0x49,0x00,0x49,0x00,0xcf,0x00,0x00,0xf0,0x0f,0x58,0x1a,
  0x44,0x22,0x22,0x44,0x22,0x44,0xff,0xff,0xff,0xff,0xfe,0x7f,
};
s_bitmap const ico_IO_voer_puls = { 16, 14, bitmap_IO_voer_puls };
//-----------------------------------------------------------------------------
static unsigned char const bitmap_IO_voerweger[] = 
{
  0xb8,0xea,0x88,0x2a,0x98,0x4a,0x88,0x8a,0x08,0xe5,0x00,0x00,0xf0,0x0f,0x58,0x1a,
  0x44,0x22,0x22,0x44,0x22,0x44,0xff,0xff,0xff,0xff,0xfe,0x7f,
};
s_bitmap const ico_IO_voerweger = { 16, 14, bitmap_IO_voerweger };
//-----------------------------------------------------------------------------
static unsigned char const bitmap_IO_water[] = 
{
  0x38,0x07,0xf0,0x03,0xc0,0x00,0xc2,0x00,0xfe,0x1f,0xfe,0x3f,0xfe,0x7f,0xe2,0x79,
  0x00,0x70,0x00,0x00,0x00,0x20,0x00,0x60,0x00,0x70,0x00,0x70,
};
s_bitmap const ico_IO_water = { 16, 14, bitmap_IO_water };
//-----------------------------------------------------------------------------
static unsigned char const bitmap_IO_ei_puls[] = 
{
  0x00,0xe7,0x30,0x24,0x48,0x24,0x84,0x24,0x84,0x3c,0x02,0x01,0x02,0x01,0x01,0x02,
  0x01,0x02,0x01,0x02,0x01,0x02,0x02,0x01,0x84,0x00,0x78,0x00,
};
s_bitmap const ico_IO_ei_puls = { 16, 14, bitmap_IO_ei_puls };
//-----------------------------------------------------------------------------
static unsigned char const bitmap_IO_ei[] = 
{
  0x80,0x01,0x40,0x02,0x20,0x04,0x20,0x04,0x10,0x08,0x10,0x08,0x08,0x10,0x08,0x10,
  0x08,0x10,0x08,0x10,0x10,0x08,0x20,0x04,0xc0,0x03,0x00,0x00,
};
s_bitmap const ico_IO_ei = { 16, 14, bitmap_IO_ei };
//-----------------------------------------------------------------------------
static unsigned char const bitmap_IO_hopper[] =
{
  0x04,0x20,0x04,0x20,0x04,0x20,0x04,0x20,0x04,0x20,0x04,0x20,0x04,0x20,0x04,0x20,
  0x04,0x20,0x08,0x10,0x10,0x08,0x20,0x04,0x40,0x02,0x80,0x01,
};
s_bitmap const ico_IO_hopper = { 16, 14, bitmap_IO_hopper };
//-----------------------------------------------------------------------------
static unsigned char const bitmap_IO_dierweegschaal[] =
{
  0xc0,0x09,0x20,0x12,0x90,0x22,0x08,0x44,0x04,0x42,0x02,0x42,0x41,0x41,0x39,0x41,
  0x82,0x40,0x44,0x40,0x3c,0x40,0x24,0x40,0xec,0x40,0xff,0xff,
};
s_bitmap const ico_IO_dierweegschaal = { 16, 14, bitmap_IO_dierweegschaal };
//-----------------------------------------------------------------------------
static unsigned char const bitmap_IO_silo[] = 
{
  0xf8,0x0f,0x08,0x08,0x08,0x08,0x08,0x08,0x08,0x08,0x08,0x08,0x08,0x08,0x08,0x08,
  0x08,0x08,0x08,0x08,0x10,0x04,0x28,0x0a,0x48,0x09,0x88,0x08,
};
s_bitmap const ico_IO_silo = { 16, 14, bitmap_IO_silo };
//-----------------------------------------------------------------------------
static unsigned char const bitmap_IO_kWh_puls[] =
{
  0x00,0x00,0x9c,0x07,0x90,0x04,0x90,0x04,0x90,0x04,0xf0,0x1c,0x00,0x00,0x22,0x0a,
  0x22,0x0a,0x2a,0x1a,0xa6,0x2a,0xea,0x2b,0x4a,0x29,0x00,0x00,
};
s_bitmap const ico_IO_kWh_puls = { 16, 14, bitmap_IO_kWh_puls };
//-----------------------------------------------------------------------------
static unsigned char const bitmap_IO_mestdrg[] = 
{
  0x00,0x00,0x00,0x1c,0x00,0x22,0x00,0x49,0x80,0x5c,0x40,0x48,0x20,0x20,0x10,0x1e,
  0x08,0x01,0x80,0x00,0x40,0x00,0x06,0x63,0xff,0xff,0x00,0x00,
};
s_bitmap const ico_IO_mestdrg = { 16, 14, bitmap_IO_mestdrg };
//-----------------------------------------------------------------------------
static unsigned char const verwarm_9x10_ico_data[] =
{
  0x10,0x00,0x30,0x00,0x38,0x00,0x6c,0x01,0xed,0x01,0xa7,0x01,0x83,0x01,0x83,0x01,
  0xc6,0x00,0x7c,0x00,
};
s_bitmap const verwarm_9x10_ico = { 9, 10, verwarm_9x10_ico_data };
//-----------------------------------------------------------------------------
static unsigned char const bitmap_onderdruk[] = 
{
  0x00,0x00,0x0e,0x07,0x0a,0x05,0x0a,0x05,0x0e,0x05,0x0e,0x05,0x0e,0x07,0x0e,0x07,
  0xfe,0x07,0xfe,0x07,0xfe,0x07,0x00,0x00,
};
s_bitmap const ico_onderdruk = { 12,12, bitmap_onderdruk };
//-----------------------------------------------------------------------------
static unsigned char const temp_5x10_ico_data[] =
{
  0x04,0x0a,0x0a,0x0a,0x0e,0x0e,0x1f,0x1f,0x1f,0x0e,
};
s_bitmap const temp_5x10_ico = { 5, 10, temp_5x10_ico_data };
//-----------------------------------------------------------------------------
static unsigned char const bitmap_box_1[] = 
{
  0xff,0xff,0x0f,0x01,0x00,0x08,0x01,0x06,0x08,0x01,0x07,0x08,0x01,0x06,0x08,0x01,
  0x06,0x08,0x01,0x06,0x08,0x01,0x06,0x08,0x01,0x06,0x08,0x01,0x00,0x08,0x01,0x00,
  0x08,0x01,0x00,0x08,0x01,0x00,0x08,0x01,0x00,0x08,0x01,0x00,0x08,0x01,0x00,0x08,
  0x01,0x00,0x08,0x01,0x00,0x08,0x01,0x00,0x08,0x01,0x00,0x08,0x01,0x00,0x08,0x01,
  0x00,0x08,0x01,0x00,0x08,0x01,0x00,0x08,0x01,0x00,0x08,0x01,0x00,0x08,0x01,0x00,
  0x08,0xff,0xff,0x0f,
};
s_bitmap const ico_box_1 = { 20, 28, bitmap_box_1 };
//-----------------------------------------------------------------------------
static unsigned char const bitmap_box_2[] = 
{
  0xff,0xff,0x0f,0x01,0x00,0x08,0x81,0x07,0x08,0x01,0x0c,0x08,0x01,0x0c,0x08,0x01,
  0x07,0x08,0x81,0x01,0x08,0x81,0x01,0x08,0x81,0x0f,0x08,0x01,0x00,0x08,0x01,0x00,
  0x08,0x01,0x00,0x08,0x01,0x00,0x08,0x01,0x00,0x08,0x01,0x00,0x08,0x01,0x00,0x08,
  0x01,0x00,0x08,0x01,0x00,0x08,0x01,0x00,0x08,0x01,0x00,0x08,0x01,0x00,0x08,0x01,
  0x00,0x08,0x01,0x00,0x08,0x01,0x00,0x08,0x01,0x00,0x08,0x01,0x00,0x08,0x01,0x00,
  0x08,0xff,0xff,0x0f,
};
s_bitmap const ico_box_2 = { 20, 28, bitmap_box_2 };
//-----------------------------------------------------------------------------
static unsigned char const bitmap_box_3[] = 
{
  0xff,0xff,0x0f,0x01,0x00,0x08,0x81,0x07,0x08,0x01,0x0c,0x08,0x01,0x0c,0x08,0x01,
  0x07,0x08,0x01,0x0c,0x08,0x01,0x0c,0x08,0x81,0x07,0x08,0x01,0x00,0x08,0x01,0x00,
  0x08,0x01,0x00,0x08,0x01,0x00,0x08,0x01,0x00,0x08,0x01,0x00,0x08,0x01,0x00,0x08,
  0x01,0x00,0x08,0x01,0x00,0x08,0x01,0x00,0x08,0x01,0x00,0x08,0x01,0x00,0x08,0x01,
  0x00,0x08,0x01,0x00,0x08,0x01,0x00,0x08,0x01,0x00,0x08,0x01,0x00,0x08,0x01,0x00,
  0x08,0xff,0xff,0x0f,
};
s_bitmap const ico_box_3 = { 20, 28, bitmap_box_3 };
//-----------------------------------------------------------------------------
static unsigned char const bitmap_box_4[] = 
{
  0xff,0xff,0x0f,0x01,0x00,0x08,0x01,0x0c,0x08,0x01,0x0e,0x08,0x01,0x0d,0x08,0x81,
  0x0c,0x08,0x81,0x0f,0x08,0x01,0x0c,0x08,0x01,0x0c,0x08,0x01,0x00,0x08,0x01,0x00,
  0x08,0x01,0x00,0x08,0x01,0x00,0x08,0x01,0x00,0x08,0x01,0x00,0x08,0x01,0x00,0x08,
  0x01,0x00,0x08,0x01,0x00,0x08,0x01,0x00,0x08,0x01,0x00,0x08,0x01,0x00,0x08,0x01,
  0x00,0x08,0x01,0x00,0x08,0x01,0x00,0x08,0x01,0x00,0x08,0x01,0x00,0x08,0x01,0x00,
  0x08,0xff,0xff,0x0f,
};
s_bitmap const ico_box_4 = { 20, 28, bitmap_box_4 };
//-----------------------------------------------------------------------------
static unsigned char const bitmap_box_5[] = 
{
  0xff,0xff,0x0f,0x01,0x00,0x08,0x81,0x0f,0x08,0x81,0x01,0x08,0x81,0x07,0x08,0x01,
  0x0c,0x08,0x01,0x0c,0x08,0x01,0x0c,0x08,0x81,0x07,0x08,0x01,0x00,0x08,0x01,0x00,
  0x08,0x01,0x00,0x08,0x01,0x00,0x08,0x01,0x00,0x08,0x01,0x00,0x08,0x01,0x00,0x08,
  0x01,0x00,0x08,0x01,0x00,0x08,0x01,0x00,0x08,0x01,0x00,0x08,0x01,0x00,0x08,0x01,
  0x00,0x08,0x01,0x00,0x08,0x01,0x00,0x08,0x01,0x00,0x08,0x01,0x00,0x08,0x01,0x00,
  0x08,0xff,0xff,0x0f,
};
s_bitmap const ico_box_5 = { 20, 28, bitmap_box_5 };
//-----------------------------------------------------------------------------
static unsigned char const bitmap_box_6[] = 
{
  0xff,0xff,0x0f,0x01,0x00,0x08,0x01,0x07,0x08,0x81,0x01,0x08,0x81,0x07,0x08,0x81,
  0x0d,0x08,0x81,0x0d,0x08,0x81,0x0d,0x08,0x01,0x07,0x08,0x01,0x00,0x08,0x01,0x00,
  0x08,0x01,0x00,0x08,0x01,0x00,0x08,0x01,0x00,0x08,0x01,0x00,0x08,0x01,0x00,0x08,
  0x01,0x00,0x08,0x01,0x00,0x08,0x01,0x00,0x08,0x01,0x00,0x08,0x01,0x00,0x08,0x01,
  0x00,0x08,0x01,0x00,0x08,0x01,0x00,0x08,0x01,0x00,0x08,0x01,0x00,0x08,0x01,0x00,
  0x08,0xff,0xff,0x0f,
};
s_bitmap const ico_box_6 = { 20, 28, bitmap_box_6 };
//-----------------------------------------------------------------------------
static unsigned char const bitmap_box_7[] = 
{
  0xff,0xff,0x0f,0x01,0x00,0x08,0x81,0x0f,0x08,0x01,0x0c,0x08,0x01,0x06,0x08,0x01,
  0x06,0x08,0x01,0x03,0x08,0x01,0x03,0x08,0x01,0x03,0x08,0x01,0x00,0x08,0x01,0x00,
  0x08,0x01,0x00,0x08,0x01,0x00,0x08,0x01,0x00,0x08,0x01,0x00,0x08,0x01,0x00,0x08,
  0x01,0x00,0x08,0x01,0x00,0x08,0x01,0x00,0x08,0x01,0x00,0x08,0x01,0x00,0x08,0x01,
  0x00,0x08,0x01,0x00,0x08,0x01,0x00,0x08,0x01,0x00,0x08,0x01,0x00,0x08,0x01,0x00,
  0x08,0xff,0xff,0x0f,
};
s_bitmap const ico_box_7 = { 20, 28, bitmap_box_7 };
//-----------------------------------------------------------------------------
static unsigned char const bitmap_box_8[] = 
{
  0xff,0xff,0x0f,0x01,0x00,0x08,0x01,0x07,0x08,0x81,0x0d,0x08,0x81,0x0d,0x08,0x01,
  0x07,0x08,0x81,0x0d,0x08,0x81,0x0d,0x08,0x01,0x07,0x08,0x01,0x00,0x08,0x01,0x00,
  0x08,0x01,0x00,0x08,0x01,0x00,0x08,0x01,0x00,0x08,0x01,0x00,0x08,0x01,0x00,0x08,
  0x01,0x00,0x08,0x01,0x00,0x08,0x01,0x00,0x08,0x01,0x00,0x08,0x01,0x00,0x08,0x01,
  0x00,0x08,0x01,0x00,0x08,0x01,0x00,0x08,0x01,0x00,0x08,0x01,0x00,0x08,0x01,0x00,
  0x08,0xff,0xff,0x0f,
};
s_bitmap const ico_box_8 = { 20, 28, bitmap_box_8 };
//-----------------------------------------------------------------------------
static unsigned char const bitmap_box_9[] = 
{
  0xff,0xff,0x0f,0x01,0x00,0x08,0x01,0x07,0x08,0x81,0x0d,0x08,0x81,0x0d,0x08,0x81,
  0x0d,0x08,0x01,0x0f,0x08,0x01,0x0c,0x08,0x01,0x07,0x08,0x01,0x00,0x08,0x01,0x00,
  0x08,0x01,0x00,0x08,0x01,0x00,0x08,0x01,0x00,0x08,0x01,0x00,0x08,0x01,0x00,0x08,
  0x01,0x00,0x08,0x01,0x00,0x08,0x01,0x00,0x08,0x01,0x00,0x08,0x01,0x00,0x08,0x01,
  0x00,0x08,0x01,0x00,0x08,0x01,0x00,0x08,0x01,0x00,0x08,0x01,0x00,0x08,0x01,0x00,
  0x08,0xff,0xff,0x0f,
};
s_bitmap const ico_box_9 = { 20, 28, bitmap_box_9 };
//-----------------------------------------------------------------------------
static unsigned char const bitmap_box_10[] = 
{
  0xff,0xff,0x0f,0x01,0x00,0x08,0xc1,0x1c,0x08,0xe1,0x36,0x08,0xc1,0x36,0x08,0xc1,
  0x36,0x08,0xc1,0x36,0x08,0xc1,0x36,0x08,0xc1,0x1c,0x08,0x01,0x00,0x08,0x01,0x00,
  0x08,0x01,0x00,0x08,0x01,0x00,0x08,0x01,0x00,0x08,0x01,0x00,0x08,0x01,0x00,0x08,
  0x01,0x00,0x08,0x01,0x00,0x08,0x01,0x00,0x08,0x01,0x00,0x08,0x01,0x00,0x08,0x01,
  0x00,0x08,0x01,0x00,0x08,0x01,0x00,0x08,0x01,0x00,0x08,0x01,0x00,0x08,0x01,0x00,
  0x08,0xff,0xff,0x0f,
};
s_bitmap const ico_box_10 = { 20, 28, bitmap_box_10 };
//-----------------------------------------------------------------------------
static unsigned char const bitmap_box_11[] = 
{
  0xff,0xff,0x0f,0x01,0x00,0x08,0x81,0x19,0x08,0xc1,0x1d,0x08,0x81,0x19,0x08,0x81,
  0x19,0x08,0x81,0x19,0x08,0x81,0x19,0x08,0x81,0x19,0x08,0x01,0x00,0x08,0x01,0x00,
  0x08,0x01,0x00,0x08,0x01,0x00,0x08,0x01,0x00,0x08,0x01,0x00,0x08,0x01,0x00,0x08,
  0x01,0x00,0x08,0x01,0x00,0x08,0x01,0x00,0x08,0x01,0x00,0x08,0x01,0x00,0x08,0x01,
  0x00,0x08,0x01,0x00,0x08,0x01,0x00,0x08,0x01,0x00,0x08,0x01,0x00,0x08,0x01,0x00,
  0x08,0xff,0xff,0x0f,
};
s_bitmap const ico_box_11 = { 20, 28, bitmap_box_11 };
//-----------------------------------------------------------------------------
static unsigned char const bitmap_box_12[] = 
{
  0xff,0xff,0x0f,0x01,0x00,0x08,0xc1,0x1e,0x08,0xe1,0x30,0x08,0xc1,0x30,0x08,0xc1,
  0x1c,0x08,0xc1,0x06,0x08,0xc1,0x06,0x08,0xc1,0x3e,0x08,0x01,0x00,0x08,0x01,0x00,
  0x08,0x01,0x00,0x08,0x01,0x00,0x08,0x01,0x00,0x08,0x01,0x00,0x08,0x01,0x00,0x08,
  0x01,0x00,0x08,0x01,0x00,0x08,0x01,0x00,0x08,0x01,0x00,0x08,0x01,0x00,0x08,0x01,
  0x00,0x08,0x01,0x00,0x08,0x01,0x00,0x08,0x01,0x00,0x08,0x01,0x00,0x08,0x01,0x00,
  0x08,0xff,0xff,0x0f,
};
s_bitmap const ico_box_12 = { 20, 28, bitmap_box_12 };
//-----------------------------------------------------------------------------
static unsigned char const bitmap_box_13[] = 
{
  0xff,0xff,0x0f,0x01,0x00,0x08,0xc1,0x1e,0x08,0xe1,0x30,0x08,0xc1,0x30,0x08,0xc1,
  0x1c,0x08,0xc1,0x30,0x08,0xc1,0x30,0x08,0xc1,0x1e,0x08,0x01,0x00,0x08,0x01,0x00,
  0x08,0x01,0x00,0x08,0x01,0x00,0x08,0x01,0x00,0x08,0x01,0x00,0x08,0x01,0x00,0x08,
  0x01,0x00,0x08,0x01,0x00,0x08,0x01,0x00,0x08,0x01,0x00,0x08,0x01,0x00,0x08,0x01,
  0x00,0x08,0x01,0x00,0x08,0x01,0x00,0x08,0x01,0x00,0x08,0x01,0x00,0x08,0x01,0x00,
  0x08,0xff,0xff,0x0f,
};
s_bitmap const ico_box_13 = { 20, 28, bitmap_box_13 };
//-----------------------------------------------------------------------------
static unsigned char const bitmap_box_14[] = 
{
  0xff,0xff,0x0f,0x01,0x00,0x08,0xc1,0x30,0x08,0xe1,0x38,0x08,0xc1,0x34,0x08,0xc1,
  0x32,0x08,0xc1,0x3e,0x08,0xc1,0x30,0x08,0xc1,0x30,0x08,0x01,0x00,0x08,0x01,0x00,
  0x08,0x01,0x00,0x08,0x01,0x00,0x08,0x01,0x00,0x08,0x01,0x00,0x08,0x01,0x00,0x08,
  0x01,0x00,0x08,0x01,0x00,0x08,0x01,0x00,0x08,0x01,0x00,0x08,0x01,0x00,0x08,0x01,
  0x00,0x08,0x01,0x00,0x08,0x01,0x00,0x08,0x01,0x00,0x08,0x01,0x00,0x08,0x01,0x00,
  0x08,0xff,0xff,0x0f,
};
s_bitmap const ico_box_14 = { 20, 28, bitmap_box_14 };
//-----------------------------------------------------------------------------
static unsigned char const bitmap_box_15[] = 
{
  0xff,0xff,0x0f,0x01,0x00,0x08,0xc1,0x3e,0x08,0xe1,0x06,0x08,0xc1,0x1e,0x08,0xc1,
  0x30,0x08,0xc1,0x30,0x08,0xc1,0x30,0x08,0xc1,0x1e,0x08,0x01,0x00,0x08,0x01,0x00,
  0x08,0x01,0x00,0x08,0x01,0x00,0x08,0x01,0x00,0x08,0x01,0x00,0x08,0x01,0x00,0x08,
  0x01,0x00,0x08,0x01,0x00,0x08,0x01,0x00,0x08,0x01,0x00,0x08,0x01,0x00,0x08,0x01,
  0x00,0x08,0x01,0x00,0x08,0x01,0x00,0x08,0x01,0x00,0x08,0x01,0x00,0x08,0x01,0x00,
  0x08,0xff,0xff,0x0f,
};
s_bitmap const ico_box_15 = { 20, 28, bitmap_box_15 };
//-----------------------------------------------------------------------------
static unsigned char const bitmap_box_16[] = 
{
  0xff,0xff,0x0f,0x01,0x00,0x08,0xc1,0x1c,0x08,0xe1,0x06,0x08,0xc1,0x1e,0x08,0xc1,
  0x36,0x08,0xc1,0x36,0x08,0xc1,0x36,0x08,0xc1,0x1c,0x08,0x01,0x00,0x08,0x01,0x00,
  0x08,0x01,0x00,0x08,0x01,0x00,0x08,0x01,0x00,0x08,0x01,0x00,0x08,0x01,0x00,0x08,
  0x01,0x00,0x08,0x01,0x00,0x08,0x01,0x00,0x08,0x01,0x00,0x08,0x01,0x00,0x08,0x01,
  0x00,0x08,0x01,0x00,0x08,0x01,0x00,0x08,0x01,0x00,0x08,0x01,0x00,0x08,0x01,0x00,
  0x08,0xff,0xff,0x0f,
};
s_bitmap const ico_box_16 = { 20, 28, bitmap_box_16 };
//-----------------------------------------------------------------------------
static unsigned char const bitmap_kalender13x12[] = 
{
  0x98,0x01,0xff,0x0f,0x89,0x18,0xff,0x1f,0x01,0x18,0x49,0x1a,0xfd,0x1b,0x49,0x1a,
  0x49,0x1a,0x01,0x18,0xff,0x1f,0xfe,0x1f,
};
s_bitmap const ico_kalender13x12 = { 13, 12, bitmap_kalender13x12 };
//-----------------------------------------------------------------------------
static unsigned char const bitmap_orion_24x21[] = 
{
  0xfe,0xff,0x7f,0x05,0x00,0xa0,0x03,0x00,0xc0,0x01,0xfc,0x9f,0x01,0x04,0x90,0x01,
  0x04,0x90,0x01,0x04,0x90,0x01,0xfc,0x9f,0xa9,0x00,0x80,0x01,0x54,0x95,0xa9,0x00,
  0x80,0x01,0x00,0x80,0xa9,0x80,0x80,0x01,0x00,0x80,0xa9,0xa0,0x82,0x01,0x00,0x80,
  0x01,0x80,0x80,0x01,0x00,0x80,0x03,0x00,0xc0,0x05,0x00,0xa0,0xfe,0xff,0x7f,
};
s_bitmap const ico_orion = { 24, 21, bitmap_orion_24x21 };
s_disp_bitmap const disp_orion = { Disp_Draw_Bitmap, 9, 5, &ico_orion };
//-----------------------------------------------------------------------------
static unsigned char const bitmap_switch_on_11x8[] = 
{
  0xe0,0x07,0x20,0x00,0x20,0x00,0x70,0x00,0xf8,0x00,0x20,0x00,0x20,0x00,0x3f,0x00,
};
s_bitmap const ico_switch_on = { 11, 8, bitmap_switch_on_11x8 };
//-----------------------------------------------------------------------------
static unsigned char const bitmap_switch_off_11x8[] = 
{
  0x3f,0x00,0x20,0x00,0x20,0x00,0xf8,0x00,0x70,0x00,0x20,0x00,0x20,0x00,0xe0,0x07,
};
s_bitmap const ico_switch_off = { 11, 8, bitmap_switch_off_11x8 };
//-----------------------------------------------------------------------------
static unsigned char const bitmap_klok_switch_on[] = 
{
  0xe0,0x03,0x00,0x00,0x18,0x0c,0x00,0x00,0x84,0x10,0x00,0x00,0x82,0x20,0xc0,0x0f,
  0x82,0x20,0x40,0x00,0x81,0x40,0x40,0x00,0x81,0x40,0xe0,0x00,0x81,0x40,0xf0,0x01,
  0x41,0x40,0x40,0x00,0x21,0x40,0x40,0x00,0x12,0x20,0x7e,0x00,0x02,0x20,0x00,0x00,
  0x04,0x10,0x00,0x00,0x18,0x0c,0x00,0x00,0xe0,0x03,0x00,0x00,
};
s_bitmap const ico_klok_switch_on = { 28, 15, bitmap_klok_switch_on };
//-----------------------------------------------------------------------------
static unsigned char const fabrieksinst_ico_data[] =
{
  0xf0,0x00,0x00,0xf8,0x18,0x00,0xfc,0x18,0x00,0x7c,0x18,0x00,0xff,0x18,0x00,0xbf,
  0x19,0x00,0x6e,0x1b,0x00,0xcc,0x1e,0x00,0x80,0x7f,0x00,0x3c,0x43,0x00,0x68,0x42,
  0x00,0x51,0x66,0x00,0x53,0xe4,0x00,0xcd,0xa4,0x01,0xc3,0x64,0x03,0x9e,0xe5,0x03,
  0x38,0xa7,0x01,
};
s_bitmap const fabrieksinst_ico = { 18, 17, fabrieksinst_ico_data };
//-----------------------------------------------------------------------------
static unsigned char const vermogen_ico_data[] =
{
  0x00,0x00,0x00,0x00,0x1f,0x00,0x00,0x11,0x00,0x80,0x08,0x00,0x80,0x08,0x00,0x40,
  0x04,0x00,0x40,0x84,0x03,0x20,0x72,0x02,0x20,0x0e,0x01,0x10,0x00,0x01,0x10,0x8e,
  0x00,0xc8,0x89,0x00,0x38,0x44,0x00,0x00,0x44,0x00,0x00,0x22,0x00,0xc0,0xe3,0x01,
  0x80,0xc0,0x00,0x00,0x31,0x00,0x00,0x0d,0x00,0x00,0x02,0x00,
};
s_bitmap const vermogen_ico = { 20, 20, vermogen_ico_data };
//-----------------------------------------------------------------------------
static unsigned char const motor_temp_ico_data[] =
{
  0x80,0x00,0x00,0x18,0x31,0x00,0x24,0x49,0x00,0x42,0x84,0x00,0xc2,0x06,0x00,0x84,
  0x42,0x00,0x98,0xa3,0x00,0xf0,0xaf,0x00,0xc6,0xa7,0x00,0xf1,0xef,0x00,0x98,0xe3,
  0x00,0x84,0xe2,0x00,0xc2,0xe6,0x00,0x42,0xf4,0x01,0x24,0xf1,0x01,0x18,0xf1,0x01,
  0x00,0xe2,0x00,
};
s_bitmap const motor_temp_ico = { 17, 17, motor_temp_ico_data };
//-----------------------------------------------------------------------------
static unsigned char const bitmap_klok_switch_off[] = 
{
  0xe0,0x03,0x00,0x00,0x18,0x0c,0x00,0x00,0x84,0x10,0x00,0x00,0x82,0x20,0x7e,0x00,
  0x82,0x20,0x40,0x00,0x81,0x40,0x40,0x00,0x81,0x40,0xf0,0x01,0x81,0x40,0xe0,0x00,
  0x41,0x40,0x40,0x00,0x21,0x40,0x40,0x00,0x12,0x20,0xc0,0x0f,0x02,0x20,0x00,0x00,
  0x04,0x10,0x00,0x00,0x18,0x0c,0x00,0x00,0xe0,0x03,0x00,0x00,
};
s_bitmap const ico_klok_switch_off = { 28, 15, bitmap_klok_switch_off };
//-----------------------------------------------------------------------------
static unsigned char const bitmap_klok_15x15[] = 
{
  0xe0,0x03,0x18,0x0c,0x84,0x10,0x82,0x20,0x82,0x20,0x81,0x40,0x81,0x40,0x81,0x40,
  0x41,0x40,0x21,0x40,0x12,0x20,0x02,0x20,0x04,0x10,0x18,0x0c,0xe0,0x03,
};
s_bitmap const ico_tijd_15x15 = { 15, 15, bitmap_klok_15x15 };
//-----------------------------------------------------------------------------
static unsigned char const max_rpm_ico_data[] =
{
  0x80,0x00,0x00,0x18,0x31,0x00,0x24,0x49,0x00,0x42,0x84,0x00,0xc2,0x86,0x00,0x84,
  0x42,0x00,0x98,0x33,0x00,0xf0,0x1f,0x01,0xc6,0xc7,0x00,0xf1,0x1f,0x00,0x98,0x33,
  0x00,0x84,0x00,0x00,0xc2,0x9e,0x07,0x42,0x92,0x04,0x24,0x92,0x04,0x18,0x92,0x04,
  0x80,0xf3,0x1c,
};
s_bitmap const max_rpm_ico = { 21, 17, max_rpm_ico_data };
//-----------------------------------------------------------------------------
static unsigned char const bitmap_buitentemp_0[] =
{
  0x00,0x06,0x80,0x01,0x00,0x03,0x00,0x03,0x00,0x01,0x00,0x02,0x80,0x01,0x00,0x03,
  0x80,0x40,0x10,0x03,0x80,0xe7,0xd0,0x01,0x00,0xef,0xf9,0x00,0x00,0xb8,0x6f,0x00,
  0x00,0x30,0x06,0x00,0x00,0x00,0x00,0x00,0x00,0x00,0x00,0x00,0x00,0x00,0x00,0x00,
  0x00,0x00,0x00,0x00,0x00,0x00,0x02,0x00,0x00,0x00,0x05,0x00,0x40,0x01,0x05,0x00,
  0x90,0x04,0x05,0x00,0x98,0x0c,0x05,0x00,0xa0,0x02,0x05,0x00,0xc4,0x11,0x05,0x00,
  0xf8,0x0f,0x05,0x00,0xc4,0x11,0x05,0x00,0xa0,0x02,0x05,0x00,0x98,0x0c,0x07,0x00,
  0x90,0x84,0x0f,0x00,0x40,0x81,0x0f,0x00,0x00,0x80,0x0f,0x00,0x00,0x00,0x07,0x00,
};
s_bitmap const ico_buitentemp_0 = { 26,28, bitmap_buitentemp_0 };
//-----------------------------------------------------------------------------
static unsigned char const bitmap_buitentemp_0_10[] =
{
  0x00,0x06,0x80,0x01,0x00,0x03,0x00,0x03,0x00,0x01,0x00,0x02,0x80,0x01,0x00,0x03,
  0x80,0x40,0x10,0x03,0x80,0xe7,0xd0,0x01,0x00,0xef,0xf9,0x00,0x00,0xb8,0x6f,0x00,
  0x00,0x30,0x06,0x00,0x00,0x00,0x00,0x00,0x00,0x00,0x00,0x00,0x00,0x00,0x00,0x00,
  0x00,0x00,0x00,0x00,0x00,0x00,0x02,0x00,0x00,0x00,0x05,0x00,0x00,0x00,0x05,0x00,
  0x00,0x00,0x05,0x00,0x00,0x00,0x05,0x00,0x00,0x00,0x05,0x00,0x00,0x00,0x05,0x00,
  0x00,0x00,0x05,0x00,0x00,0x00,0x07,0x00,0x00,0x00,0x07,0x00,0x00,0x00,0x07,0x00,
  0x00,0x80,0x0f,0x00,0x00,0x80,0x0f,0x00,0x00,0x80,0x0f,0x00,0x00,0x00,0x07,0x00,
};
s_bitmap const ico_buitentemp_0_10 = { 26,28, bitmap_buitentemp_0_10 };
//-----------------------------------------------------------------------------
static unsigned char const bitmap_buitentemp_10_25[] =
{
  0x52,0x07,0x80,0x01,0x84,0x03,0x00,0x03,0xf0,0x01,0x00,0x02,0x9a,0x01,0x00,0x03,
  0x88,0x40,0x10,0x03,0x8a,0xe7,0xd0,0x01,0x08,0xee,0xf9,0x00,0x1a,0xbb,0x6f,0x00,
  0xf0,0x21,0x06,0x00,0x04,0x84,0x00,0x00,0x52,0x09,0x00,0x00,0x01,0x10,0x00,0x00,
  0x48,0x22,0x00,0x00,0x00,0x00,0x02,0x00,0x44,0x04,0x05,0x00,0x00,0x00,0x05,0x00,
  0x00,0x00,0x05,0x00,0x00,0x00,0x05,0x00,0x00,0x00,0x05,0x00,0x00,0x00,0x07,0x00,
  0x00,0x00,0x07,0x00,0x00,0x00,0x07,0x00,0x00,0x00,0x07,0x00,0x00,0x00,0x07,0x00,
  0x00,0x80,0x0f,0x00,0x00,0x80,0x0f,0x00,0x00,0x80,0x0f,0x00,0x00,0x00,0x07,0x00,
};
s_bitmap const ico_buitentemp_10_25 = { 26,28, bitmap_buitentemp_10_25 };
//-----------------------------------------------------------------------------
static unsigned char const bitmap_buitentemp_25[] =
{
  0x52,0x08,0x00,0x00,0x04,0x84,0x00,0x00,0xf0,0x21,0x00,0x00,0x1a,0x0b,0x00,0x00,
  0x08,0x02,0x00,0x00,0x0a,0xaa,0x00,0x00,0x08,0x02,0x00,0x00,0x1a,0x0b,0x00,0x00,
  0xf0,0x21,0x00,0x00,0x04,0x84,0x00,0x00,0x52,0x09,0x00,0x00,0x01,0x10,0x00,0x00,
  0x48,0x22,0x00,0x00,0x00,0x00,0x02,0x00,0x44,0x04,0x05,0x00,0x00,0x00,0x05,0x00,
  0x00,0x00,0x05,0x00,0x00,0x00,0x07,0x00,0x00,0x00,0x07,0x00,0x00,0x00,0x07,0x00,
  0x00,0x00,0x07,0x00,0x00,0x00,0x07,0x00,0x00,0x00,0x07,0x00,0x00,0x00,0x07,0x00,
  0x00,0x80,0x0f,0x00,0x00,0x80,0x0f,0x00,0x00,0x80,0x0f,0x00,0x00,0x00,0x07,0x00,
};
s_bitmap const ico_buitentemp_25 = { 26,28, bitmap_buitentemp_25 };
//-----------------------------------------------------------------------------
static unsigned char const bitmap_buiten_wind[] =
{
  0x52,0x07,0x80,0x01,0x84,0x03,0x00,0x03,0xf0,0x01,0x00,0x02,0x9a,0x01,0x00,0x03,
  0x88,0x40,0x10,0x03,0x8a,0xe7,0xd0,0x01,0x08,0xee,0xf9,0x00,0x1a,0xbb,0x6f,0x00,
  0xf0,0x21,0x06,0x00,0x04,0x84,0x00,0x00,0x52,0x09,0x00,0x00,0x01,0x10,0x00,0x00,
  0x48,0x22,0x00,0x00,0x00,0x00,0xe0,0x03,0x44,0x00,0xf2,0x03,0x00,0xfc,0xff,0x03,
  0x00,0x00,0xf2,0x03,0x1c,0x1c,0xe2,0x03,0xa2,0x22,0x02,0x00,0xc1,0x41,0x05,0x00,
  0xc1,0x41,0x08,0x00,0xa2,0x22,0x08,0x00,0x9c,0x1c,0x08,0x00,0x40,0x81,0x08,0x00,
  0x20,0x82,0x08,0x00,0x20,0x82,0x08,0x00,0x20,0x82,0x0f,0x00,0x20,0x02,0x00,0x00,
};
s_bitmap const ico_buiten_wind = { 26,28, bitmap_buiten_wind };
//-----------------------------------------------------------------------------
static unsigned char const bitmap_flag[] =
{
  0x00,0x00,0x00,0x00,0x18,0x00,0x00,0x00,0x3c,0x00,0x00,0x00,0xf8,0x03,0x00,0x00,
  0x58,0xfd,0x00,0x00,0xb8,0x56,0x1f,0x00,0x58,0xa9,0x15,0x00,0x18,0x54,0x1a,0x00,
  0x18,0x00,0x15,0x00,0x18,0x00,0x10,0x00,0xd8,0x02,0x10,0x00,0x78,0xb7,0x10,0x00,
  0xd8,0xda,0x1d,0x00,0xf8,0xb7,0x16,0x00,0x18,0xfc,0x1d,0x00,0x18,0x00,0x1f,0x00,
  0x18,0x00,0x00,0x00,0x18,0x00,0x00,0x00,0x18,0x00,0x00,0x00,0x18,0x00,0x00,0x00,
  0x18,0x00,0x00,0x00,0x18,0x00,0x00,0x00,0x18,0x00,0x00,0x00,0x18,0x00,0x00,0x00,
  0x00,0x00,0x00,0x00,0x00,0x00,0x00,0x00,
};
s_bitmap const ico_flag = { 26,26, bitmap_flag };
s_disp_bitmap const disp_flag = { Disp_Draw_Bitmap, 9, 0, &ico_flag };
//-----------------------------------------------------------------------------
static unsigned char const bitmap_comp_nr[] =
{
  0x00,0x00,0x00,0x00,0xfc,0xff,0xff,0x00,0x0a,0x00,0x40,0x01,0x06,0x00,0x80,0x01,
  0x02,0xf8,0x3f,0x01,0x02,0x08,0x20,0x01,0x02,0x08,0x20,0x01,0x02,0x08,0x20,0x01,
  0x02,0xf8,0x3f,0x01,0x52,0x01,0x00,0x01,0x02,0xa8,0x2a,0x01,0x52,0x01,0x00,0x01,
  0x02,0x00,0x00,0x01,0x52,0x01,0x01,0x01,0x02,0x00,0x00,0x01,0x52,0x41,0x05,0x01,
  0x02,0x00,0x00,0x01,0x02,0x0f,0x01,0x01,0x82,0x10,0x00,0x01,0x46,0x26,0x80,0x01,
  0x4a,0x24,0x40,0x01,0x7c,0xe4,0xff,0x00,0x40,0x24,0x00,0x00,0x80,0x10,0x00,0x00,
  0x00,0x0f,0x00,0x00,0x00,0x00,0x00,0x00,
};
s_bitmap const ico_comp_nr = { 26,26, bitmap_comp_nr };
s_disp_bitmap const disp_comp_nr = { Disp_Draw_Bitmap, 9, 0, &ico_comp_nr };
//-----------------------------------------------------------------------------
static unsigned char const bitmap_afvalemmer[] =
{
  0x00,0x00,0x00,0x00,0x00,0x00,0x00,0x00,0x00,0x00,0x00,0x00,0x00,0x7c,0x00,0x00,
  0x80,0xff,0x03,0x00,0x40,0x00,0x04,0x00,0xc0,0xff,0x07,0x00,0x00,0x00,0x00,0x00,
  0x00,0x00,0x00,0x00,0x00,0xff,0x01,0x00,0x80,0x00,0x02,0x00,0x80,0x44,0x02,0x00,
  0x80,0x44,0x02,0x00,0x80,0x44,0x02,0x00,0x80,0x44,0x02,0x00,0x80,0x44,0x02,0x00,
  0x80,0x44,0x02,0x00,0x80,0x44,0x02,0x00,0x80,0x44,0x02,0x00,0x80,0x44,0x02,0x00,
  0x80,0x44,0x02,0x00,0x80,0x44,0x02,0x00,0x80,0x00,0x02,0x00,0x80,0xff,0x03,0x00,
  0x00,0x00,0x00,0x00,0x00,0x00,0x00,0x00,
};
s_bitmap const ico_afvalemmer = { 26,26, bitmap_afvalemmer };
s_disp_bitmap const disp_afvalemmer = { Disp_Draw_Bitmap, 9, 0, &ico_afvalemmer };
//-----------------------------------------------------------------------------
static unsigned char const bitmap_helderheid[] =
{
  0x00,0x00,0x00,0x00,0x00,0x00,0x00,0x00,0x00,0x10,0x00,0x00,0x20,0x10,0x08,0x00,
  0x40,0x10,0x04,0x00,0x80,0x10,0x02,0x00,0x00,0x11,0x01,0x00,0x02,0x00,0x80,0x00,
  0x0c,0x7c,0x60,0x00,0x30,0x82,0x18,0x00,0x00,0x01,0x01,0x00,0x80,0x00,0x02,0x00,
  0x80,0x00,0x02,0x00,0xbe,0x00,0xfa,0x00,0x80,0x00,0x02,0x00,0x80,0x00,0x02,0x00,
  0x00,0x01,0x01,0x00,0x30,0x82,0x0c,0x00,0x0c,0x7c,0x30,0x00,0x02,0x00,0x40,0x00,
  0x00,0x11,0x01,0x00,0x80,0x10,0x02,0x00,0x40,0x10,0x04,0x00,0x20,0x10,0x08,0x00,
  0x00,0x10,0x00,0x00,0x00,0x00,0x00,0x00,
};
s_bitmap const ico_helderheid = { 26,26, bitmap_helderheid };
s_disp_bitmap const disp_helderheid = { Disp_Draw_Bitmap, 9, 0, &ico_helderheid };
//-----------------------------------------------------------------------------
static unsigned char const bitmap_lcd_dimmen[] =
{
  0x00,0x00,0x00,0x00,0x00,0x10,0x00,0x00,0x80,0x10,0x02,0x00,0x00,0x01,0x01,0x00,
  0x10,0x7c,0x08,0x00,0x20,0x82,0x04,0x00,0x00,0x01,0x01,0x00,0x80,0x00,0x02,0x00,
  0x80,0x00,0x02,0x00,0xb0,0x00,0x1a,0x00,0x80,0x00,0x02,0x00,0x80,0x00,0x02,0x00,
  0x00,0x01,0x01,0x00,0x40,0x82,0x04,0x00,0x20,0x7c,0x08,0x00,0x00,0x7c,0x00,0x00,
  0x00,0x7c,0x00,0x00,0x00,0x7c,0x00,0x00,0x00,0x38,0x00,0x00,0x00,0x00,0x00,0x00,
  0x20,0x00,0x00,0x00,0x50,0x08,0x00,0x00,0x88,0x18,0x00,0x00,0x04,0x09,0x00,0x00,
  0xfc,0x19,0x00,0x00,0x00,0x00,0x00,0x00,
};
s_bitmap const ico_lcd_dimmen = { 26,26, bitmap_lcd_dimmen };
s_disp_bitmap const disp_lcd_dimmen = { Disp_Draw_Bitmap, 9, 0, &ico_lcd_dimmen };
//-----------------------------------------------------------------------------
static unsigned char const bitmap_sleutel[] =
{
  0x00,0x00,0x00,0x00,0x00,0x00,0x00,0x00,0x00,0x00,0x00,0x00,0x00,0x00,0x00,0x00,
  0x00,0x00,0x00,0x00,0x00,0x00,0x00,0x00,0xe0,0x01,0x00,0x00,0x10,0x02,0x00,0x00,
  0x08,0x04,0x00,0x00,0x04,0x08,0x00,0x00,0x04,0xf8,0x7f,0x00,0x34,0x08,0x80,0x00,
  0x34,0x08,0x80,0x00,0x04,0x68,0x67,0x00,0x04,0xb8,0x1d,0x00,0x08,0x04,0x00,0x00,
  0x10,0x02,0x00,0x00,0xe0,0x01,0x00,0x00,0x00,0x00,0x00,0x00,0x00,0x00,0x00,0x00,
  0x00,0x00,0x00,0x00,0x00,0x00,0x00,0x00,0x00,0x00,0x00,0x00,0x00,0x00,0x00,0x00,
  0x00,0x00,0x00,0x00,0x00,0x00,0x00,0x00,
};
s_bitmap const ico_sleutel = { 26,26, bitmap_sleutel };
s_disp_bitmap const disp_sleutel = { Disp_Draw_Bitmap, 9, 0, &ico_sleutel };
//-----------------------------------------------------------------------------
static unsigned char const huis_xl_ico_data[] =
{
  0x00,0x30,0x00,0x00,0x00,0xfc,0x00,0x00,0x00,0xcf,0x03,0x00,0xc0,0x03,0x0f,0x00,
  0xf0,0x00,0x3c,0x00,0x3c,0x00,0xf0,0x00,0x0f,0x00,0xc0,0x03,0x07,0x00,0x80,0x03,
  0x04,0x00,0x80,0x00,0x04,0x00,0x80,0x00,0x04,0x00,0x80,0x00,0x04,0x00,0x80,0x00,
  0x04,0x00,0x80,0x00,0x04,0x00,0x80,0x00,0x04,0x00,0x80,0x00,0x04,0x00,0x80,0x00,
  0x04,0x00,0x80,0x00,0x04,0x00,0x80,0x00,0x04,0x00,0x80,0x00,0xfc,0xff,0xff,0x00,
};
s_bitmap const huis_xl_ico = { 26, 20, huis_xl_ico_data };
s_disp_bitmap const disp_huis_xl_ico = { Disp_Draw_Bitmap, 191, 3, &huis_xl_ico };
//-----------------------------------------------------------------------------
unsigned char const input_ico_data[] =
{
  0xff,0x0f,0xff,0x0f,0x03,0x0c,0x03,0x0c,0x03,0x0d,0x83,0x01,0xc3,0x0f,0xc3,0x0f,
  0x83,0x01,0x03,0x0d,0x03,0x0c,0x03,0x0c,0xff,0x0f,0xff,0x0f,
};
s_bitmap const input_ico = { 12, 14, input_ico_data };
//-----------------------------------------------------------------------------
unsigned char const output_ico_data[] =
{
  0xff,0x0f,0xff,0x0f,0x03,0x0c,0x03,0x0c,0x83,0x0c,0x83,0x01,0xfb,0x03,0xfb,0x03,
  0x83,0x01,0x83,0x0c,0x03,0x0c,0x03,0x0c,0xff,0x0f,0xff,0x0f,
};
s_bitmap const output_ico = { 12, 14, output_ico_data };
//-----------------------------------------------------------------------------
unsigned char const raamstand_ico_data[] =
{
  0x1c,0x00,0x00,0x00,0xf0,0xc0,0x00,0x00,0x80,0xe7,0x01,0x00,0x00,0x3c,0x07,0x00,
  0x00,0x08,0x1c,0x00,0x00,0x02,0x70,0x00,0x80,0x00,0xc0,0x01,0x20,0x00,0x00,0x07,
  0x0f,0x00,0x00,0x3c,0x07,0x00,0x00,0x38,0x06,0x00,0x00,0x18,0x06,0x00,0x00,0x18,
  0x06,0x00,0x00,0x18,0x06,0x00,0x00,0x18,0x06,0x00,0x00,0x18,0x06,0x00,0x00,0x18,
  0x06,0x00,0x00,0x18,0x06,0x00,0x00,0x18,0x06,0x00,0x00,0x18,0x06,0x00,0x00,0x18,
  0x06,0x00,0x00,0x18,0x06,0x00,0x00,0x18,0x06,0x00,0x00,0x18,0xfe,0xff,0xff,0x1f,
};
s_bitmap const raamstand_ico = { 30, 24, raamstand_ico_data };
s_disp_bitmap const disp_raamstand_ico = { Disp_Draw_Bitmap, 9, 29, &raamstand_ico };
//-----------------------------------------------------------------------------
unsigned char const raamstand_00_ico_data[] =
{
  0x00,0x00,0x00,0x00,0x00,0x00,0x00,0x00,0x00,0x00,0x00,0x00,0x00,0x00,0x00,0x00,
  0x00,0x00,0x00,0x00,0x00,0xc0,0x00,0x00,0x00,0xe0,0x01,0x00,0x00,0x3e,0x07,0x00,
  0xe0,0x0b,0x1c,0x00,0x3c,0x02,0x70,0x00,0x80,0x00,0xc0,0x01,0x20,0x00,0x00,0x07,
  0x0f,0x00,0x00,0x3c,0x07,0x00,0x00,0x38,0x06,0x00,0x00,0x18,0x06,0x00,0x00,0x18,
  0x06,0x00,0x00,0x18,0x06,0x00,0x00,0x18,0x06,0x00,0x00,0x18,0x06,0x00,0x00,0x18,
  0x06,0x00,0x00,0x18,0x06,0x00,0x00,0x18,0x06,0x00,0x00,0x18,0x06,0x00,0x00,0x18,
  0x06,0x00,0x00,0x18,0x06,0x00,0x00,0x18,0x06,0x00,0x00,0x18,0xfe,0xff,0xff,0x1f,
};
s_bitmap const raamstand_00_ico = { 30, 28, raamstand_00_ico_data };
//-----------------------------------------------------------------------------
unsigned char const raamstand_01_ico_data[] =
{
  0x00,0x00,0x00,0x00,0x00,0x00,0x00,0x00,0x00,0x00,0x00,0x00,0x00,0x00,0x00,0x00,
  0x00,0x00,0x00,0x00,0x00,0xc0,0x00,0x00,0x00,0xe0,0x01,0x00,0x80,0x3f,0x07,0x00,
  0xfc,0x08,0x1c,0x00,0x00,0x02,0x70,0x00,0x80,0x00,0xc0,0x01,0x20,0x00,0x00,0x07,
  0x0f,0x00,0x00,0x3c,0x07,0x00,0x00,0x38,0x06,0x00,0x00,0x18,0x06,0x00,0x00,0x18,
  0x06,0x00,0x00,0x18,0x06,0x00,0x00,0x18,0x06,0x00,0x00,0x18,0x06,0x00,0x00,0x18,
  0x06,0x00,0x00,0x18,0x06,0x00,0x00,0x18,0x06,0x00,0x00,0x18,0x06,0x00,0x00,0x18,
  0x06,0x00,0x00,0x18,0x06,0x00,0x00,0x18,0x06,0x00,0x00,0x18,0xfe,0xff,0xff,0x1f,
};
s_bitmap const raamstand_01_ico = { 30, 28, raamstand_01_ico_data };
//-----------------------------------------------------------------------------
unsigned char const raamstand_02_ico_data[] =
{
  0x00,0x00,0x00,0x00,0x00,0x00,0x00,0x00,0x00,0x00,0x00,0x00,0x00,0x00,0x00,0x00,
  0x00,0x00,0x00,0x00,0x00,0xc0,0x00,0x00,0xfc,0xe0,0x01,0x00,0x80,0x3f,0x07,0x00,
  0x00,0x08,0x1c,0x00,0x00,0x02,0x70,0x00,0x80,0x00,0xc0,0x01,0x20,0x00,0x00,0x07,
  0x0f,0x00,0x00,0x3c,0x07,0x00,0x00,0x38,0x06,0x00,0x00,0x18,0x06,0x00,0x00,0x18,
  0x06,0x00,0x00,0x18,0x06,0x00,0x00,0x18,0x06,0x00,0x00,0x18,0x06,0x00,0x00,0x18,
  0x06,0x00,0x00,0x18,0x06,0x00,0x00,0x18,0x06,0x00,0x00,0x18,0x06,0x00,0x00,0x18,
  0x06,0x00,0x00,0x18,0x06,0x00,0x00,0x18,0x06,0x00,0x00,0x18,0xfe,0xff,0xff,0x1f,
};
s_bitmap const raamstand_02_ico = { 30, 28, raamstand_02_ico_data };
//-----------------------------------------------------------------------------
unsigned char const raamstand_03_ico_data[] =
{
  0x00,0x00,0x00,0x00,0x00,0x00,0x00,0x00,0x00,0x00,0x00,0x00,0x00,0x00,0x00,0x00,
  0x1c,0x00,0x00,0x00,0xf0,0xc0,0x00,0x00,0x80,0xe7,0x01,0x00,0x00,0x3c,0x07,0x00,
  0x00,0x08,0x1c,0x00,0x00,0x02,0x70,0x00,0x80,0x00,0xc0,0x01,0x20,0x00,0x00,0x07,
  0x0f,0x00,0x00,0x3c,0x07,0x00,0x00,0x38,0x06,0x00,0x00,0x18,0x06,0x00,0x00,0x18,
  0x06,0x00,0x00,0x18,0x06,0x00,0x00,0x18,0x06,0x00,0x00,0x18,0x06,0x00,0x00,0x18,
  0x06,0x00,0x00,0x18,0x06,0x00,0x00,0x18,0x06,0x00,0x00,0x18,0x06,0x00,0x00,0x18,
  0x06,0x00,0x00,0x18,0x06,0x00,0x00,0x18,0x06,0x00,0x00,0x18,0xfe,0xff,0xff,0x1f,
};
s_bitmap const raamstand_03_ico = { 30, 28, raamstand_03_ico_data };
//-----------------------------------------------------------------------------
unsigned char const raamstand_04_ico_data[] =
{
  0x00,0x00,0x00,0x00,0x40,0x00,0x00,0x00,0x80,0x00,0x00,0x00,0x00,0x01,0x00,0x00,
  0x00,0x02,0x00,0x00,0x00,0xc4,0x00,0x00,0x00,0xe8,0x01,0x00,0x00,0x30,0x07,0x00,
  0x00,0x08,0x1c,0x00,0x00,0x02,0x70,0x00,0x80,0x00,0xc0,0x01,0x20,0x00,0x00,0x07,
  0x0f,0x00,0x00,0x3c,0x07,0x00,0x00,0x38,0x06,0x00,0x00,0x18,0x06,0x00,0x00,0x18,
  0x06,0x00,0x00,0x18,0x06,0x00,0x00,0x18,0x06,0x00,0x00,0x18,0x06,0x00,0x00,0x18,
  0x06,0x00,0x00,0x18,0x06,0x00,0x00,0x18,0x06,0x00,0x00,0x18,0x06,0x00,0x00,0x18,
  0x06,0x00,0x00,0x18,0x06,0x00,0x00,0x18,0x06,0x00,0x00,0x18,0xfe,0xff,0xff,0x1f,
};
s_bitmap const raamstand_04_ico = { 30, 28, raamstand_04_ico_data };
//-----------------------------------------------------------------------------
unsigned char const raamstand_05_ico_data[] =
{
  0x00,0x02,0x00,0x00,0x00,0x02,0x00,0x00,0x00,0x04,0x00,0x00,0x00,0x04,0x00,0x00,
  0x00,0x08,0x00,0x00,0x00,0xc8,0x00,0x00,0x00,0xf0,0x01,0x00,0x00,0x30,0x07,0x00,
  0x00,0x08,0x1c,0x00,0x00,0x02,0x70,0x00,0x80,0x00,0xc0,0x01,0x20,0x00,0x00,0x07,
  0x0f,0x00,0x00,0x3c,0x07,0x00,0x00,0x38,0x06,0x00,0x00,0x18,0x06,0x00,0x00,0x18,
  0x06,0x00,0x00,0x18,0x06,0x00,0x00,0x18,0x06,0x00,0x00,0x18,0x06,0x00,0x00,0x18,
  0x06,0x00,0x00,0x18,0x06,0x00,0x00,0x18,0x06,0x00,0x00,0x18,0x06,0x00,0x00,0x18,
  0x06,0x00,0x00,0x18,0x06,0x00,0x00,0x18,0x06,0x00,0x00,0x18,0xfe,0xff,0xff,0x1f,
};
s_bitmap const raamstand_05_ico = { 30, 28, raamstand_05_ico_data };
//-----------------------------------------------------------------------------
unsigned char const doekstand_00_ico_data[] =
{
  0x00,0x00,0x00,0x00,0x00,0x00,0x00,0x00,0x00,0x00,0x00,0x00,0x00,0x00,0x00,0x00,
  0x00,0x00,0x00,0x00,0x00,0xc0,0x00,0x00,0x00,0xe0,0x01,0x00,0x00,0x38,0x07,0x00,
  0x00,0x0e,0x1c,0x00,0x80,0x03,0x70,0x00,0xe0,0x00,0xc0,0x01,0x38,0x00,0x00,0x07,
  0x0f,0x00,0x00,0x3c,0x1f,0x00,0x00,0x38,0x06,0x00,0x00,0x18,0x06,0x00,0x00,0x18,
  0x06,0x00,0x00,0x18,0x06,0x00,0x00,0x18,0x06,0x00,0x00,0x18,0x06,0x00,0x00,0x18,
  0x06,0x00,0x00,0x18,0x06,0x00,0x00,0x18,0x06,0x00,0x00,0x18,0x06,0x00,0x00,0x18,
  0x06,0x00,0x00,0x18,0x06,0x00,0x00,0x18,0x06,0x00,0x00,0x18,0xfe,0xff,0xff,0x1f,
};
s_bitmap const doekstand_00_ico = { 30, 28, doekstand_00_ico_data };
//-----------------------------------------------------------------------------
unsigned char const doekstand_01_ico_data[] =
{
  0x00,0x00,0x00,0x00,0x00,0x00,0x00,0x00,0x00,0x00,0x00,0x00,0x00,0x00,0x00,0x00,
  0x00,0x00,0x00,0x00,0x00,0xc0,0x00,0x00,0x00,0xe0,0x01,0x00,0x00,0x38,0x07,0x00,
  0x00,0x0e,0x1c,0x00,0x80,0x03,0x70,0x00,0xe0,0x00,0xc0,0x01,0x38,0x00,0x00,0x07,
  0x0f,0x00,0x00,0x3c,0xff,0x01,0x00,0x38,0x06,0x00,0x00,0x18,0x06,0x00,0x00,0x18,
  0x06,0x00,0x00,0x18,0x06,0x00,0x00,0x18,0x06,0x00,0x00,0x18,0x06,0x00,0x00,0x18,
  0x06,0x00,0x00,0x18,0x06,0x00,0x00,0x18,0x06,0x00,0x00,0x18,0x06,0x00,0x00,0x18,
  0x06,0x00,0x00,0x18,0x06,0x00,0x00,0x18,0x06,0x00,0x00,0x18,0xfe,0xff,0xff,0x1f,
};
s_bitmap const doekstand_01_ico = { 30, 28, doekstand_01_ico_data };
//-----------------------------------------------------------------------------
unsigned char const doekstand_02_ico_data[] =
{
  0x00,0x00,0x00,0x00,0x00,0x00,0x00,0x00,0x00,0x00,0x00,0x00,0x00,0x00,0x00,0x00,
  0x00,0x00,0x00,0x00,0x00,0xc0,0x00,0x00,0x00,0xe0,0x01,0x00,0x00,0x38,0x07,0x00,
  0x00,0x0e,0x1c,0x00,0x80,0x03,0x70,0x00,0xe0,0x00,0xc0,0x01,0x38,0x00,0x00,0x07,
  0x0f,0x00,0x00,0x3c,0xff,0x1f,0x00,0x38,0x06,0x00,0x00,0x18,0x06,0x00,0x00,0x18,
  0x06,0x00,0x00,0x18,0x06,0x00,0x00,0x18,0x06,0x00,0x00,0x18,0x06,0x00,0x00,0x18,
  0x06,0x00,0x00,0x18,0x06,0x00,0x00,0x18,0x06,0x00,0x00,0x18,0x06,0x00,0x00,0x18,
  0x06,0x00,0x00,0x18,0x06,0x00,0x00,0x18,0x06,0x00,0x00,0x18,0xfe,0xff,0xff,0x1f,
};
s_bitmap const doekstand_02_ico = { 30, 28, doekstand_02_ico_data };
//-----------------------------------------------------------------------------
unsigned char const doekstand_03_ico_data[] =
{
  0x00,0x00,0x00,0x00,0x00,0x00,0x00,0x00,0x00,0x00,0x00,0x00,0x00,0x00,0x00,0x00,
  0x00,0x00,0x00,0x00,0x00,0xc0,0x00,0x00,0x00,0xe0,0x01,0x00,0x00,0x38,0x07,0x00,
  0x00,0x0e,0x1c,0x00,0x80,0x03,0x70,0x00,0xe0,0x00,0xc0,0x01,0x38,0x00,0x00,0x07,
  0x0f,0x00,0x00,0x3c,0xff,0xff,0x01,0x38,0x06,0x00,0x00,0x18,0x06,0x00,0x00,0x18,
  0x06,0x00,0x00,0x18,0x06,0x00,0x00,0x18,0x06,0x00,0x00,0x18,0x06,0x00,0x00,0x18,
  0x06,0x00,0x00,0x18,0x06,0x00,0x00,0x18,0x06,0x00,0x00,0x18,0x06,0x00,0x00,0x18,
  0x06,0x00,0x00,0x18,0x06,0x00,0x00,0x18,0x06,0x00,0x00,0x18,0xfe,0xff,0xff,0x1f,
};
s_bitmap const doekstand_03_ico = { 30, 28, doekstand_03_ico_data };
//-----------------------------------------------------------------------------
unsigned char const doekstand_04_ico_data[] =
{
  0x00,0x00,0x00,0x00,0x00,0x00,0x00,0x00,0x00,0x00,0x00,0x00,0x00,0x00,0x00,0x00,
  0x00,0x00,0x00,0x00,0x00,0xc0,0x00,0x00,0x00,0xe0,0x01,0x00,0x00,0x38,0x07,0x00,
  0x00,0x0e,0x1c,0x00,0x80,0x03,0x70,0x00,0xe0,0x00,0xc0,0x01,0x38,0x00,0x00,0x07,
  0x0f,0x00,0x00,0x3c,0xff,0xff,0x1f,0x38,0x06,0x00,0x00,0x18,0x06,0x00,0x00,0x18,
  0x06,0x00,0x00,0x18,0x06,0x00,0x00,0x18,0x06,0x00,0x00,0x18,0x06,0x00,0x00,0x18,
  0x06,0x00,0x00,0x18,0x06,0x00,0x00,0x18,0x06,0x00,0x00,0x18,0x06,0x00,0x00,0x18,
  0x06,0x00,0x00,0x18,0x06,0x00,0x00,0x18,0x06,0x00,0x00,0x18,0xfe,0xff,0xff,0x1f,
};
s_bitmap const doekstand_04_ico = { 30, 28, doekstand_04_ico_data };
//-----------------------------------------------------------------------------
unsigned char const doekstand_05_ico_data[] =
{
  0x00,0x00,0x00,0x00,0x00,0x00,0x00,0x00,0x00,0x00,0x00,0x00,0x00,0x00,0x00,0x00,
  0x00,0x00,0x00,0x00,0x00,0xc0,0x00,0x00,0x00,0xe0,0x01,0x00,0x00,0x38,0x07,0x00,
  0x00,0x0e,0x1c,0x00,0x80,0x03,0x70,0x00,0xe0,0x00,0xc0,0x01,0x38,0x00,0x00,0x07,
  0x0f,0x00,0x00,0x3c,0xff,0xff,0xff,0x39,0x06,0x00,0x00,0x18,0x06,0x00,0x00,0x18,
  0x06,0x00,0x00,0x18,0x06,0x00,0x00,0x18,0x06,0x00,0x00,0x18,0x06,0x00,0x00,0x18,
  0x06,0x00,0x00,0x18,0x06,0x00,0x00,0x18,0x06,0x00,0x00,0x18,0x06,0x00,0x00,0x18,
  0x06,0x00,0x00,0x18,0x06,0x00,0x00,0x18,0x06,0x00,0x00,0x18,0xfe,0xff,0xff,0x1f,
};
s_bitmap const doekstand_05_ico = { 30, 28, doekstand_05_ico_data };
//-----------------------------------------------------------------------------
unsigned char const cabriostand_00_ico_data[] =
{
  0x00,0x00,0x00,0x00,0x00,0x00,0x00,0x00,0x00,0x00,0x00,0x00,0x00,0x00,0x00,0x00,
  0x00,0x00,0x00,0x00,0x00,0xc0,0x00,0x00,0x00,0xe0,0x01,0x00,0x00,0x38,0x07,0x00,
  0x00,0x0e,0x1c,0x00,0x80,0x03,0x70,0x00,0xe0,0x00,0xc0,0x01,0x38,0x00,0x00,0x07,
  0x0f,0x00,0x00,0x3c,0x07,0x00,0x00,0x38,0x06,0x00,0x00,0x18,0x06,0x00,0x00,0x18,
  0x06,0x00,0x00,0x18,0x06,0x00,0x00,0x18,0x06,0x00,0x00,0x18,0x06,0x00,0x00,0x18,
  0x06,0x00,0x00,0x18,0x06,0x00,0x00,0x18,0x06,0x00,0x00,0x18,0x06,0x00,0x00,0x18,
  0x06,0x00,0x00,0x18,0x06,0x00,0x00,0x18,0x06,0x00,0x00,0x18,0xfe,0xff,0xff,0x1f,
};
s_bitmap const cabriostand_00_ico = { 30, 28, cabriostand_00_ico_data };
//-----------------------------------------------------------------------------
unsigned char const cabriostand_01_ico_data[] =
{
  0x00,0x00,0x00,0x00,0x00,0x00,0x00,0x00,0x00,0x00,0x00,0x00,0x00,0x00,0x00,0x00,
  0x00,0x20,0x00,0x00,0x00,0x90,0x00,0x00,0x00,0x8c,0x01,0x00,0x00,0x23,0x07,0x00,
  0xc0,0x08,0x1c,0x00,0x20,0x02,0x70,0x00,0x90,0x00,0xc0,0x01,0x2c,0x00,0x00,0x07,
  0x0f,0x00,0x00,0x3c,0x07,0x00,0x00,0x38,0x06,0x00,0x00,0x18,0x06,0x00,0x00,0x18,
  0x06,0x00,0x00,0x18,0x06,0x00,0x00,0x18,0x06,0x00,0x00,0x18,0x06,0x00,0x00,0x18,
  0x06,0x00,0x00,0x18,0x06,0x00,0x00,0x18,0x06,0x00,0x00,0x18,0x06,0x00,0x00,0x18,
  0x06,0x00,0x00,0x18,0x06,0x00,0x00,0x18,0x06,0x00,0x00,0x18,0xfe,0xff,0xff,0x1f,
};
s_bitmap const cabriostand_01_ico = { 30, 28, cabriostand_01_ico_data };
//-----------------------------------------------------------------------------
unsigned char const cabriostand_02_ico_data[] =
{
  0x00,0x00,0x00,0x00,0x00,0x00,0x00,0x00,0x00,0x00,0x00,0x00,0x00,0x04,0x00,0x00,
  0x00,0x02,0x00,0x00,0x00,0x81,0x00,0x00,0x80,0x80,0x01,0x00,0x40,0x20,0x07,0x00,
  0x20,0x08,0x1c,0x00,0x10,0x02,0x70,0x00,0x88,0x00,0xc0,0x01,0x24,0x00,0x00,0x07,
  0x0f,0x00,0x00,0x3c,0x07,0x00,0x00,0x38,0x06,0x00,0x00,0x18,0x06,0x00,0x00,0x18,
  0x06,0x00,0x00,0x18,0x06,0x00,0x00,0x18,0x06,0x00,0x00,0x18,0x06,0x00,0x00,0x18,
  0x06,0x00,0x00,0x18,0x06,0x00,0x00,0x18,0x06,0x00,0x00,0x18,0x06,0x00,0x00,0x18,
  0x06,0x00,0x00,0x18,0x06,0x00,0x00,0x18,0x06,0x00,0x00,0x18,0xfe,0xff,0xff,0x1f,
};
s_bitmap const cabriostand_02_ico = { 30, 28, cabriostand_02_ico_data };
//-----------------------------------------------------------------------------
unsigned char const cabriostand_03_ico_data[] =
{
  0x00,0x00,0x00,0x00,0x00,0x00,0x00,0x00,0x40,0x00,0x00,0x00,0x40,0x00,0x00,0x00,
  0x20,0x00,0x00,0x00,0x20,0x80,0x00,0x00,0x10,0x80,0x01,0x00,0x10,0x20,0x07,0x00,
  0x08,0x08,0x1c,0x00,0x08,0x02,0x70,0x00,0x84,0x00,0xc0,0x01,0x24,0x00,0x00,0x07,
  0x0f,0x00,0x00,0x3c,0x07,0x00,0x00,0x38,0x06,0x00,0x00,0x18,0x06,0x00,0x00,0x18,
  0x06,0x00,0x00,0x18,0x06,0x00,0x00,0x18,0x06,0x00,0x00,0x18,0x06,0x00,0x00,0x18,
  0x06,0x00,0x00,0x18,0x06,0x00,0x00,0x18,0x06,0x00,0x00,0x18,0x06,0x00,0x00,0x18,
  0x06,0x00,0x00,0x18,0x06,0x00,0x00,0x18,0x06,0x00,0x00,0x18,0xfe,0xff,0xff,0x1f,
};
s_bitmap const cabriostand_03_ico = { 30, 28, cabriostand_03_ico_data };
//-----------------------------------------------------------------------------
unsigned char const cabriostand_04_ico_data[] =
{
  0x00,0x00,0x00,0x00,0x10,0x00,0x00,0x00,0x10,0x00,0x00,0x00,0x10,0x00,0x00,0x00,
  0x08,0x00,0x00,0x00,0x08,0x80,0x00,0x00,0x08,0x80,0x01,0x00,0x08,0x20,0x07,0x00,
  0x08,0x08,0x1c,0x00,0x04,0x02,0x70,0x00,0x84,0x00,0xc0,0x01,0x24,0x00,0x00,0x07,
  0x0f,0x00,0x00,0x3c,0x07,0x00,0x00,0x38,0x06,0x00,0x00,0x18,0x06,0x00,0x00,0x18,
  0x06,0x00,0x00,0x18,0x06,0x00,0x00,0x18,0x06,0x00,0x00,0x18,0x06,0x00,0x00,0x18,
  0x06,0x00,0x00,0x18,0x06,0x00,0x00,0x18,0x06,0x00,0x00,0x18,0x06,0x00,0x00,0x18,
  0x06,0x00,0x00,0x18,0x06,0x00,0x00,0x18,0x06,0x00,0x00,0x18,0xfe,0xff,0xff,0x1f,
};
s_bitmap const cabriostand_04_ico = { 30, 28, cabriostand_04_ico_data };
//-----------------------------------------------------------------------------
unsigned char const cabriostand_05_ico_data[] =
{
  0x00,0x00,0x00,0x00,0x04,0x00,0x00,0x00,0x04,0x00,0x00,0x00,0x04,0x00,0x00,0x00,
  0x04,0x00,0x00,0x00,0x04,0x80,0x00,0x00,0x04,0x80,0x01,0x00,0x04,0x20,0x07,0x00,
  0x04,0x08,0x1c,0x00,0x04,0x02,0x70,0x00,0x84,0x00,0xc0,0x01,0x24,0x00,0x00,0x07,
  0x0f,0x00,0x00,0x3c,0x07,0x00,0x00,0x38,0x06,0x00,0x00,0x18,0x06,0x00,0x00,0x18,
  0x06,0x00,0x00,0x18,0x06,0x00,0x00,0x18,0x06,0x00,0x00,0x18,0x06,0x00,0x00,0x18,
  0x06,0x00,0x00,0x18,0x06,0x00,0x00,0x18,0x06,0x00,0x00,0x18,0x06,0x00,0x00,0x18,
  0x06,0x00,0x00,0x18,0x06,0x00,0x00,0x18,0x06,0x00,0x00,0x18,0xfe,0xff,0xff,0x1f,
};
s_bitmap const cabriostand_05_ico = { 30, 28, cabriostand_05_ico_data };
//-----------------------------------------------------------------------------
unsigned char const doekstand_ico_data[] =
{
  0x00,0x00,0x00,0x00,0x00,0xc0,0x00,0x00,0x00,0xe0,0x01,0x00,0x00,0x38,0x07,0x00,
  0x00,0x0e,0x1c,0x00,0x80,0x03,0x70,0x00,0xe0,0x00,0xc0,0x01,0x38,0x00,0x00,0x07,
  0x0f,0x00,0x00,0x3c,0xff,0x7f,0x00,0x38,0x06,0x00,0x00,0x18,0x06,0x00,0x00,0x18,
  0x06,0x00,0x00,0x18,0x06,0x00,0x00,0x18,0x06,0x00,0x00,0x18,0x06,0x00,0x00,0x18,
  0x06,0x00,0x00,0x18,0x06,0x00,0x00,0x18,0x06,0x00,0x00,0x18,0x06,0x00,0x00,0x18,
  0x06,0x00,0x00,0x18,0x06,0x00,0x00,0x18,0x06,0x00,0x00,0x18,0xfe,0xff,0xff,0x1f,
};
s_bitmap const doekstand_ico = { 30, 24, doekstand_ico_data };
s_disp_bitmap const disp_doekstand_ico = { Disp_Draw_Bitmap, 9, 29, &doekstand_ico };
//-----------------------------------------------------------------------------
unsigned char const raamstand_small_ico_data[] =
{
  0x1c,0x00,0x00,0x70,0x03,0x00,0xc0,0x0f,0x00,0x40,0x38,0x00,0x10,0xe0,0x00,0x07,
  0x80,0x03,0x03,0x00,0x03,0x02,0x00,0x01,0x02,0x00,0x01,0x02,0x00,0x01,0x02,0x00,
  0x01,0x02,0x00,0x01,0x02,0x00,0x01,0x02,0x00,0x01,0x02,0x00,0x01,0xfe,0xff,0x01,
};
s_bitmap const raamstand_small_ico = { 18, 16, raamstand_small_ico_data };
s_disp_bitmap const disp_raamstand_small_ico = { Disp_Draw_Bitmap, 10, 6, &raamstand_small_ico };
//-----------------------------------------------------------------------------
unsigned char const doekstand_small_ico_data[] =
{
  0x00,0x00,0x00,0x00,0x03,0x00,0xc0,0x0f,0x00,0x70,0x38,0x00,0x1c,0xe0,0x00,0x07,
  0x80,0x03,0xff,0x01,0x03,0x02,0x00,0x01,0x02,0x00,0x01,0x02,0x00,0x01,0x02,0x00,
  0x01,0x02,0x00,0x01,0x02,0x00,0x01,0x02,0x00,0x01,0x02,0x00,0x01,0xfe,0xff,0x01,
};
s_bitmap const doekstand_small_ico = { 18, 16, doekstand_small_ico_data };
s_disp_bitmap const disp_doekstand_small_ico = { Disp_Draw_Bitmap, 10, 6, &doekstand_small_ico };
//-----------------------------------------------------------------------------
unsigned char const vent_ico_17x17_data[] =
{
  0x80,0x00,0x00,0x18,0x31,0x00,0x24,0x49,0x00,0x42,0x84,0x00,0xc2,0x86,0x00,0x84,
  0x42,0x00,0x98,0x33,0x00,0xf0,0x1f,0x01,0xc6,0xc7,0x00,0xf1,0x1f,0x00,0x98,0x33,
  0x00,0x84,0x42,0x00,0xc2,0x86,0x00,0x42,0x84,0x00,0x24,0x49,0x00,0x18,0x31,0x00,
  0x00,0x02,0x00,
};
s_bitmap const vent_ico_17x17 = { 17, 17, vent_ico_17x17_data };
s_disp_bitmap const disp_vent_ico_17x17 = { Disp_Draw_Bitmap, 10, 6, &vent_ico_17x17 };
//-----------------------------------------------------------------------------
s_bitmap const * const ico_type_array[] = { &raamstand_small_ico, &doekstand_small_ico, &vent_ico_17x17, &ico_IO_klep };
//-----------------------------------------------------------------------------
static unsigned char const bitmap_vent[] = 
{
  0x00,0x00,0x00,0x00,0x00,0x09,0x00,0x00,0x00,0x12,0x00,0x00,0xe0,0x24,0x1c,0x00,
  0xb0,0x29,0x36,0x00,0x18,0x13,0x63,0x00,0x08,0x96,0x41,0x00,0x18,0x84,0x60,0x00,
  0x30,0xcc,0x30,0x01,0x60,0x48,0x98,0x00,0xc0,0x79,0x4e,0x00,0x00,0xff,0x23,0x01,
  0x18,0xfc,0x98,0x00,0x64,0xfc,0x60,0x00,0x12,0xff,0x03,0x00,0xc8,0x79,0x0e,0x00,
  0x64,0x48,0x18,0x00,0x32,0xcc,0x30,0x00,0x18,0x84,0x60,0x00,0x08,0xa6,0x41,0x00,
  0x18,0x23,0x63,0x00,0xb0,0x51,0x36,0x00,0xe0,0x90,0x1c,0x00,0x00,0x20,0x01,0x00,
  0x00,0x40,0x02,0x00,0x00,0x00,0x00,0x00,
};
s_bitmap const ico_vent = { 26,26, bitmap_vent };
s_disp_bitmap const disp_vent = { Disp_Draw_Bitmap, 9, 0, &ico_vent };
s_disp_bitmap const disp_vent_inst = { Disp_Draw_Bitmap, 0, 0, &ico_vent };
//-----------------------------------------------------------------------------
static unsigned char const bitmap_verwarm[] = 
{
  0x00,0x00,0x00,0x00,0x00,0x00,0x00,0x00,0x00,0x00,0x00,0x00,0x00,0x08,0x00,0x00,
  0x00,0x0c,0x00,0x00,0x00,0x0c,0x00,0x00,0x00,0x1c,0x00,0x00,0x00,0x3e,0x00,0x00,
  0x40,0x7e,0x00,0x00,0xc0,0x7e,0x00,0x00,0xc0,0xfe,0x04,0x00,0xc0,0xff,0x0e,0x00,
  0xe0,0xff,0x0f,0x00,0xe0,0xf7,0x1f,0x00,0xe0,0x77,0x1f,0x00,0xe0,0x67,0x1f,0x00,
  0xe0,0x23,0x1f,0x00,0xe0,0x23,0x0e,0x00,0xc0,0x03,0x0e,0x00,0xc0,0x03,0x07,0x00,
  0x80,0x87,0x07,0x00,0x00,0xc7,0x03,0x00,0x00,0xfc,0x00,0x00,0x00,0x00,0x00,0x00,
  0x00,0x00,0x00,0x00,0x00,0x00,0x00,0x00,
};
s_bitmap const ico_verwarm = { 26,26, bitmap_verwarm };
s_disp_bitmap const disp_verwarm = { Disp_Draw_Bitmap, 9, 0, &ico_verwarm };
s_disp_bitmap const disp_verwarm_inst = { Disp_Draw_Bitmap, 0, 0, &ico_verwarm };
//-----------------------------------------------------------------------------
static unsigned char const bitmap_klep_links[] = 
{
  0x00,0x00,0x00,0x00,0x00,0x00,0x00,0x00,0x00,0x00,0x00,0x00,0x00,0x30,0x00,0x00,
  0x00,0xfc,0x00,0x00,0x00,0xcf,0x03,0x00,0xc0,0x03,0x0f,0x00,0xf0,0x00,0x3c,0x00,
  0x3c,0x00,0xf0,0x00,0x1f,0x00,0xe0,0x03,0x13,0x00,0x20,0x03,0x10,0x00,0x20,0x00,
  0x10,0x00,0x20,0x00,0x10,0x00,0x20,0x00,0x10,0x00,0x20,0x00,0x00,0x01,0x20,0x00,
  0x80,0x01,0x20,0x00,0xc0,0x00,0x20,0x00,0x60,0x00,0x20,0x00,0x30,0x00,0x20,0x00,
  0x10,0x00,0x20,0x00,0x10,0x00,0x20,0x00,0x10,0x00,0x20,0x00,0xf0,0xff,0x3f,0x00,
  0x00,0x00,0x00,0x00,0x00,0x00,0x00,0x00,
};
s_bitmap const ico_klep_links = { 26,26, bitmap_klep_links };
s_disp_bitmap const disp_klep_links = { Disp_Draw_Bitmap, 9, 0, &ico_klep_links };
s_disp_bitmap const disp_klep_links_inst = { Disp_Draw_Bitmap, 0, 0, &ico_klep_links };
//-----------------------------------------------------------------------------
static unsigned char const bitmap_cyclustijd_24x16[] = 
{
  0xf0,0xc3,0x0f,0xf0,0xc3,0x0f,0x10,0x42,0x08,0x10,0x42,0x08,0x10,0x42,0x08,0x10,
  0x42,0x08,0x10,0x42,0x08,0x10,0x42,0x08,0x1f,0x7e,0xf8,0x1f,0x7e,0xf8,0x00,0x00,
  0x00,0xff,0xff,0xff,0x00,0x00,0x00,0x10,0x40,0x00,0xf0,0x7f,0x00,0x10,0x40,0x00,
};
s_bitmap const ico_cyclustijd = { 24, 16, bitmap_cyclustijd_24x16 };
s_disp_bitmap const disp_cyclustijd = { Disp_Draw_Bitmap, 9, 7, &ico_cyclustijd };
//-----------------------------------------------------------------------------
unsigned char const motorgroup_ico_data[] =
{
  0x00,0xc0,0x07,0x00,0x00,0x30,0x18,0x00,0x00,0x7c,0x20,0x00,0x00,0x83,0x41,0x00,
  0xc0,0x07,0x42,0x00,0x30,0x18,0x84,0x01,0x08,0x20,0x84,0x01,0x04,0x40,0x98,0x01,
  0x24,0x48,0x98,0x01,0x63,0x8c,0x99,0x01,0xe3,0x8e,0x59,0x00,0xe3,0x8f,0x59,0x00,
  0x63,0x8d,0x25,0x00,0x63,0x8c,0x15,0x00,0x64,0x4c,0x02,0x00,0x04,0x40,0x01,0x00,
  0x08,0x20,0x00,0x00,0x30,0x18,0x00,0x00,0xc0,0x07,0x00,0x00,
};
s_bitmap const motorgroup_ico = { 25, 19, motorgroup_ico_data };
s_disp_bitmap const disp_motorgroup_ico = { Disp_Draw_Bitmap, 9, 29, &motorgroup_ico };
//-----------------------------------------------------------------------------
unsigned char const motorgroup_small_ico_data[] =
{
  0x00,0x38,0x00,0x00,0xc6,0x00,0x00,0x07,0x01,0xc0,0x18,0x01,0xe0,0x20,0x06,0x18,
  0x23,0x06,0x04,0xc4,0x06,0x04,0xc4,0x06,0xb3,0xd9,0x00,0xf3,0xd9,0x00,0x53,0x19,
  0x00,0x13,0x19,0x00,0x04,0x04,0x00,0x04,0x04,0x00,0x18,0x03,0x00,0xe0,0x00,0x00,
};
s_bitmap const motorgroup_small_ico = { 19, 16, motorgroup_small_ico_data };
s_disp_bitmap const disp_motorgroup_small_ico = { Disp_Draw_Bitmap, 10, 6, &motorgroup_small_ico };
//-----------------------------------------------------------------------------
unsigned char const motor_ico_data[] =
{
  0xc0,0x07,0x00,0x30,0x18,0x00,0x08,0x20,0x00,0x04,0x40,0x00,0x24,0x48,0x00,0x63,
  0x8c,0x01,0xe3,0x8e,0x01,0xe3,0x8f,0x01,0x63,0x8d,0x01,0x63,0x8c,0x01,0x64,0x4c,
  0x00,0x04,0x40,0x00,0x08,0x20,0x00,0x30,0x18,0x00,0xc0,0x07,0x00,
};
s_bitmap const motor_ico = { 17, 15, motor_ico_data };
s_disp_bitmap const disp_motor_ico  = { Disp_Draw_Bitmap, 10, 7, &motor_ico };
s_disp_bitmap const disp_motor_inst = { Disp_Draw_Bitmap, 28, 6, &motor_ico };
//-----------------------------------------------------------------------------
static unsigned char const bitmap_pijl_rechts[] = 
{
  0x00,0x00,0x00,0x00,0x00,0x00,0x00,0x00,0x00,0x08,0x00,0x18,0xff,0x3f,0xff,0x3f,
  0x00,0x18,0x00,0x08,0x00,0x00,0x00,0x00,0x00,0x00,0x00,0x00,
};
s_bitmap const ico_pijl_rechts = { 14, 14, bitmap_pijl_rechts };
//-----------------------------------------------------------------------------
static unsigned char const bitmap_vent_min_val[] = 
{
  0x00,0x00,0x00,0x00,0x40,0x00,0x00,0x00,0x40,0x00,0x00,0x00,0x40,0x00,0x00,0x00,
  0x40,0x55,0xf9,0x03,0x40,0x00,0x0e,0x00,0x40,0x80,0x03,0x00,0x40,0xe0,0x08,0x00,
  0x40,0x38,0x00,0x00,0xdc,0x0f,0x08,0x00,0x48,0x00,0x00,0x00,0x48,0x08,0x08,0x00,
  0x48,0x00,0x00,0x00,0xdc,0xff,0xff,0x03,
};
s_bitmap const ico_vent_min_val       = { 26, 14, bitmap_vent_min_val };
s_disp_bitmap const disp_vent_min_val = { Disp_Draw_Bitmap, 7, 7, &ico_vent_min_val };
//-----------------------------------------------------------------------------
static unsigned char const bitmap_vent_max_val[] = 
{
  0x00,0x00,0x00,0x00,0x40,0x00,0x00,0x00,0x40,0x00,0x00,0x00,0x40,0x00,0x00,0x00,
  0x5c,0x55,0xf9,0x03,0x48,0x00,0x0e,0x00,0x48,0x80,0x03,0x00,0x48,0xe0,0x08,0x00,
  0x48,0x38,0x00,0x00,0xc8,0x0f,0x08,0x00,0x48,0x00,0x00,0x00,0x48,0x08,0x08,0x00,
  0x48,0x00,0x00,0x00,0xdc,0xff,0xff,0x03,
};
s_bitmap const ico_vent_max_val       = { 26, 14, bitmap_vent_max_val };
s_disp_bitmap const disp_vent_max_val = { Disp_Draw_Bitmap, 7, 7, &ico_vent_max_val };
//-----------------------------------------------------------------------------
static unsigned char const offset_ico_data[] =
{
  0x00,0x00,0x00,0x00,0x40,0x00,0xf8,0x03,0x40,0x00,0x0e,0x00,0x40,0x80,0x03,0x00,
  0x40,0xe0,0x00,0x00,0x40,0x38,0x00,0x00,0xc0,0x0f,0x00,0x00,0x40,0x00,0x00,0x00,
  0x40,0x00,0x00,0x00,0x40,0x00,0x00,0x00,0x5c,0x55,0x55,0x01,0x48,0x00,0x00,0x00,
  0x48,0x00,0x00,0x00,0xdc,0xff,0xff,0x03,
};
s_bitmap const offset_ico = { 26, 14, offset_ico_data };
s_disp_bitmap const disp_offset_ico = { Disp_Draw_Bitmap, 7, 7, &offset_ico };
//-----------------------------------------------------------------------------
unsigned char const klok_15x15_ico_data[] =
{
  0xe0,0x03,0x18,0x0c,0x84,0x10,0x82,0x20,0x82,0x20,0x81,0x40,0x81,0x40,0x81,0x40,
  0x41,0x40,0x21,0x40,0x12,0x20,0x02,0x20,0x04,0x10,0x18,0x0c,0xe0,0x03,
};
s_bitmap const klok_15x15_ico = { 15, 15, klok_15x15_ico_data };
s_disp_bitmap const disp_klok_15x15_ico = { Disp_Draw_Bitmap, 9, 8, &klok_15x15_ico };
//-----------------------------------------------------------------------------
static unsigned char const alarm_delay_ico_data[] =
{
  0x38,0x00,0x00,0x44,0x00,0x00,0x92,0x00,0x00,0x11,0x01,0x00,0x11,0x01,0x00,0x09,
  0x01,0x00,0x05,0x01,0x78,0x82,0x00,0x47,0xc4,0xe3,0x20,0x38,0x1e,0x20,0x20,0x02,
  0x10,0x20,0x02,0x10,0x20,0x1e,0x08,0xe0,0xe3,0x08,0x00,0x00,0x07,
};
s_bitmap const alarm_delay_ico = { 23, 15, alarm_delay_ico_data };
s_disp_bitmap const disp_alarm_delay_ico = { Disp_Draw_Bitmap, 9, 8, &alarm_delay_ico };
//-----------------------------------------------------------------------------
static unsigned char const alarm_position_ico_data[] =
{
  0x11,0x11,0x01,0xff,0xff,0x01,0x01,0x00,0x01,0x01,0x01,0x01,0x80,0x03,0x00,0xc0,
  0x07,0x00,0xe0,0x0f,0x78,0xf0,0x1f,0x47,0xe0,0xe3,0x20,0x20,0x1e,0x20,0x20,0x02,
  0x10,0x20,0x02,0x10,0x20,0x1e,0x08,0xe0,0xe3,0x08,0x00,0x00,0x07,
};
s_bitmap const alarm_position_ico = { 23, 15, alarm_position_ico_data };
s_disp_bitmap const disp_alarm_position_ico = { Disp_Draw_Bitmap, 9, 8, &alarm_position_ico };
//-----------------------------------------------------------------------------
static unsigned char const alarm_urgent_ico_data[] =
{
  0x80,0x07,0x00,0xc0,0x0f,0x00,0xc0,0x0c,0x00,0xe0,0x1c,0x00,0x70,0x18,0x00,0x30,
  0x33,0x00,0x38,0x73,0x00,0x18,0x63,0x00,0x1c,0xe3,0x00,0x0e,0xc3,0x01,0x06,0x80,
  0x01,0x03,0x03,0x0f,0x03,0xe3,0x08,0x7f,0x1c,0x04,0xc7,0x03,0x04,0x46,0x00,0x02,
  0x44,0x00,0x02,0xc4,0x03,0x01,0x7c,0x1c,0x01,0x00,0xe0,0x00,
};
s_bitmap const alarm_urgent_ico = { 20, 20, alarm_urgent_ico_data };
s_disp_bitmap const disp_alarm_urgent_ico = { Disp_Draw_Bitmap, 9, 8, &alarm_urgent_ico };
//-----------------------------------------------------------------------------
static unsigned char const pulse_system_ico_data[] =
{
  0xf0,0xc3,0x0f,0xf0,0xc3,0x0f,0x10,0x42,0x08,0x10,0x42,0x08,0x10,0x42,0x08,0x10,
  0x42,0x08,0x10,0x42,0x08,0x10,0x42,0x08,0x1f,0x7e,0xf8,0x1f,0x7e,0xf8,0x00,0x00,
  0x00,0xff,0xff,0xff,0x00,0x00,0x00,0x00,0x00,0x00,0x00,0x00,0x00,0x00,0x00,0x00,
};
s_bitmap const pulse_system_ico = { 24, 16, pulse_system_ico_data };
s_disp_bitmap const disp_pulse_system_ico = { Disp_Draw_Bitmap, 9, 8, &pulse_system_ico };
//-----------------------------------------------------------------------------
static unsigned char const kierregeling_ico_data[] =
{
  0x00,0x00,0x00,0x00,0x00,0x00,0x00,0x00,0x01,0x00,0x08,0x02,0x23,0x22,0x0a,0x02,
  0x57,0x55,0x0d,0x02,0x8b,0x88,0x08,0x02,0x01,0x00,0x08,0x02,0xdb,0xb6,0x6d,0x03,
  0x00,0x00,0x00,0x00,0x00,0x00,0x08,0x02,0x00,0x00,0xf8,0x03,0x00,0x00,0x08,0x02,
};
s_bitmap const kierregeling_ico = { 26, 12, kierregeling_ico_data };
s_disp_bitmap const disp_kierregeling_ico = { Disp_Draw_Bitmap, 7, 9, &kierregeling_ico };
//-----------------------------------------------------------------------------
static unsigned char const pulsetime_ico_data[] =
{
  0xf0,0xc3,0x0f,0xf0,0xc3,0x0f,0x10,0x42,0x08,0x10,0x42,0x08,0x10,0x42,0x08,0x10,
  0x42,0x08,0x10,0x42,0x08,0x10,0x42,0x08,0x1f,0x7e,0xf8,0x1f,0x7e,0xf8,0x00,0x00,
  0x00,0xff,0xff,0xff,0x00,0x00,0x00,0x10,0x02,0x00,0xf0,0x03,0x00,0x10,0x02,0x00,
};
s_bitmap const pulsetime_ico = { 24, 16, pulsetime_ico_data };
s_disp_bitmap const disp_pulsetime_ico = { Disp_Draw_Bitmap, 9, 8, &pulsetime_ico };
//-----------------------------------------------------------------------------
static unsigned char const cycletime_ico_data[] =
{
  0xf0,0xc3,0x0f,0xf0,0xc3,0x0f,0x10,0x42,0x08,0x10,0x42,0x08,0x10,0x42,0x08,0x10,
  0x42,0x08,0x10,0x42,0x08,0x10,0x42,0x08,0x1f,0x7e,0xf8,0x1f,0x7e,0xf8,0x00,0x00,
  0x00,0xff,0xff,0xff,0x00,0x00,0x00,0x10,0x40,0x00,0xf0,0x7f,0x00,0x10,0x40,0x00,
};
s_bitmap const cycletime_ico = { 24, 16, cycletime_ico_data };
s_disp_bitmap const disp_cycletime_ico = { Disp_Draw_Bitmap, 9, 8, &cycletime_ico };
//-----------------------------------------------------------------------------
unsigned char const schakelingen_ico_data[] =
{
  0xf0,0xc3,0x0f,0xf0,0xc3,0x0f,0x10,0x42,0x08,0x10,0x42,0x08,0x10,0x42,0x08,0x10,
  0x42,0x08,0x10,0x42,0x08,0x10,0x42,0x08,0x1f,0x7e,0xf8,0x1f,0x7e,0xf8,
};
s_bitmap const schakelingen_ico = { 24, 10, schakelingen_ico_data };
s_disp_bitmap const disp_schakelingen_ico = { Disp_Draw_Bitmap, 9, 10, &schakelingen_ico };
//-----------------------------------------------------------------------------
unsigned char const looptijd_ico_data[] =
{
  0xc0,0x07,0x00,0x00,0x30,0x18,0x00,0x00,0x08,0x20,0x00,0x00,0x04,0x40,0x00,0x00,
  0x24,0x48,0x00,0x00,0x63,0x8c,0x09,0x00,0xe3,0x8e,0x09,0x00,0xe3,0x8f,0x09,0x00,
  0x63,0x8d,0x19,0x00,0x63,0x8c,0x09,0x00,0x64,0x4c,0x08,0x00,0x04,0x00,0x30,0x00,
  0x08,0x20,0x00,0x02,0x30,0xe8,0xff,0x03,0xc0,0x27,0x00,0x02,
};
s_bitmap const looptijd_ico = { 26, 15, looptijd_ico_data };
s_disp_bitmap const disp_looptijd_ico = { Disp_Draw_Bitmap, 9, 10, &looptijd_ico };
//-----------------------------------------------------------------------------
unsigned char const looptijd_raam_ico_data[] =
{
  0x1c,0x00,0x00,0x00,0x70,0x03,0x00,0x00,0xc0,0x0f,0x00,0x00,0x40,0x38,0x00,0x00,
  0x10,0xe0,0x00,0x00,0x07,0x80,0x03,0x00,0x03,0x00,0x0b,0x00,0x02,0x00,0x09,0x00,
  0x02,0x00,0x09,0x00,0x02,0x00,0x19,0x00,0x02,0x00,0x09,0x00,0x02,0x00,0x09,0x00,
  0x02,0x00,0x31,0x00,0x02,0x20,0x00,0x02,0x02,0xe0,0xff,0x03,0xfe,0x2f,0x00,0x02,
};
s_bitmap const looptijd_raam_ico = { 26, 16, looptijd_raam_ico_data };
s_disp_bitmap const disp_looptijd_raam_ico = { Disp_Draw_Bitmap, 9, 10, &looptijd_raam_ico };
//-----------------------------------------------------------------------------
unsigned char const looptijd_doek_ico_data[] =
{
  0x00,0x00,0x00,0x00,0x00,0x03,0x00,0x00,0xc0,0x0f,0x00,0x00,0x70,0x38,0x00,0x00,
  0x1c,0xe0,0x00,0x00,0x07,0x80,0x03,0x00,0xff,0x01,0x0b,0x00,0x02,0x00,0x09,0x00,
  0x02,0x00,0x09,0x00,0x02,0x00,0x19,0x00,0x02,0x00,0x09,0x00,0x02,0x00,0x09,0x00,
  0x02,0x00,0x31,0x00,0x02,0x20,0x00,0x02,0x02,0xe0,0xff,0x03,0xfe,0x2f,0x00,0x02,
};
s_bitmap const looptijd_doek_ico = { 26, 16, looptijd_doek_ico_data };
s_disp_bitmap const disp_looptijd_doek_ico = { Disp_Draw_Bitmap, 9, 10, &looptijd_doek_ico };
//-----------------------------------------------------------------------------
static unsigned char const motorgroepen_ico_data[] =
{
  0x00,0x00,0x00,0x00,0x00,0xc0,0x01,0x00,0x00,0xf0,0x03,0x00,0x00,0x3c,0x0f,0x00,
  0x00,0x0f,0x3c,0x00,0xc0,0x03,0xf0,0x00,0xf0,0x00,0xc0,0x03,0xb0,0x1c,0x40,0x03,
  0x80,0x3f,0x40,0x00,0xc0,0xf3,0x40,0x00,0xf0,0xc0,0x43,0x00,0x3c,0x00,0x4f,0x00,
  0x0f,0x00,0x7c,0x00,0x0b,0x00,0x74,0x00,0x08,0x00,0x44,0x00,0x08,0x00,0x44,0x00,
  0x08,0x00,0x44,0x00,0x08,0x00,0x44,0x00,0x08,0x00,0x7c,0x00,0x08,0x00,0x04,0x00,
  0x08,0x00,0x04,0x00,0x08,0x00,0x04,0x00,0x08,0x00,0x04,0x00,0x08,0x00,0x04,0x00,
  0xf8,0xff,0x07,0x00,0x00,0x00,0x00,0x00,
};
s_bitmap const motorgroepen_ico = { 26, 26, motorgroepen_ico_data };
s_disp_bitmap const disp_motorgroepen_ico = { Disp_Draw_Bitmap, 9, 0, &motorgroepen_ico };
//-----------------------------------------------------------------------------
static unsigned char const groep_ico_data[] =
{
  0x00,0x30,0x00,0x00,0x00,0xfc,0x00,0x00,0x00,0xcf,0x03,0x00,0xc0,0x03,0x0f,0x00,
  0xf0,0x00,0x3c,0x00,0x3c,0x00,0xf0,0x00,0x0f,0x00,0xc0,0x03,0x07,0x00,0x80,0x03,
  0x04,0x00,0x80,0x00,0x04,0x00,0x80,0x00,0x04,0x00,0x80,0x00,0x04,0x00,0x80,0x00,
  0x04,0x00,0x80,0x00,0x04,0x00,0x80,0x00,0x04,0x00,0x80,0x00,0x04,0x00,0x80,0x00,
  0x04,0x00,0x80,0x00,0x04,0x00,0x80,0x00,0x04,0x00,0x80,0x00,0xfc,0xff,0xff,0x00,
};
s_bitmap const groep_ico = { 26, 20, groep_ico_data };
s_disp_bitmap const disp_groep_ico = { Disp_Draw_Bitmap, 9, 2, &groep_ico };
//-----------------------------------------------------------------------------
static unsigned char const cabriokas_ico_data[] =
{
  0x20,0x00,0x10,0x00,0x30,0x00,0x30,0x00,0x10,0x00,0x20,0x00,0x18,0x00,0x60,0x00,
  0x08,0x00,0x40,0x00,0x0c,0x00,0xc0,0x00,0x07,0x00,0x80,0x03,0x07,0x00,0x80,0x03,
  0x04,0x00,0x80,0x00,0x04,0x00,0x80,0x00,0x04,0x00,0x80,0x00,0x04,0x00,0x80,0x00,
  0x04,0x00,0x80,0x00,0x04,0x00,0x80,0x00,0x04,0x00,0x80,0x00,0x04,0x00,0x80,0x00,
  0x04,0x00,0x80,0x00,0x04,0x00,0x80,0x00,0x04,0x00,0x80,0x00,0xfc,0xff,0xff,0x00,
};
s_bitmap const cabriokas_ico = { 26, 20, cabriokas_ico_data };
s_disp_bitmap const disp_cabriokas_ico = { Disp_Draw_Bitmap, 9, 2, &cabriokas_ico };
//-----------------------------------------------------------------------------
static unsigned char const luchtmengkast_ico_data[] =
{
  0xfe,0x7f,0x00,0x02,0xc0,0x1f,0x02,0x00,0x00,0x00,0x00,0x00,0x04,0x00,0x00,0x02,
  0x00,0x00,0x01,0xc0,0x1f,0xe4,0x40,0x00,0xc2,0x22,0x00,0xa1,0x44,0x00,0x24,0x84,
  0x00,0x22,0x24,0x00,0x41,0x42,0x00,0x84,0x81,0x00,0x02,0x20,0x00,0x01,0x40,0x00,
  0x04,0x80,0x00,0x02,0x40,0x00,0x01,0x40,0x00,0xfe,0x7f,0x00,
};
s_bitmap const luchtmengkast_ico = { 21, 20, luchtmengkast_ico_data };
s_disp_bitmap const disp_luchtmengkast_ico = { Disp_Draw_Bitmap, 10, 5, &luchtmengkast_ico };
//-----------------------------------------------------------------------------
static unsigned char const sensoren_ico_data[] = 
{
  0x00,0x00,0x00,0x00,0x00,0x00,0x00,0x00,0x00,0x00,0x00,0x00,0x08,0x00,0x00,0x00,
  0x14,0x00,0x00,0x00,0x14,0x0e,0x0e,0x00,0x14,0x51,0x11,0x00,0x94,0xe0,0x20,0x00,
  0x94,0xe0,0x20,0x00,0x1c,0x51,0x11,0x00,0x1c,0x4e,0x0e,0x00,0x1c,0xa0,0x00,0x00,
  0x1c,0x10,0x01,0x00,0x3e,0x10,0x01,0x00,0x3e,0x10,0x01,0x00,0x3e,0x10,0x01,0x00,
  0x1c,0x10,0x11,0x00,0x00,0x10,0x19,0x00,0x38,0xf0,0x39,0x00,0x48,0x03,0x3c,0x00,
  0x48,0x04,0x74,0x00,0x38,0x07,0x6c,0x00,0x88,0x04,0x38,0x00,0x08,0x03,0x00,0x00,
  0x00,0x00,0x00,0x00,0x00,0x00,0x00,0x00,
};
static s_bitmap const sensoren_ico = { 26,26, sensoren_ico_data };
s_disp_bitmap const disp_sensoren_ico  = { Disp_Draw_Bitmap, 9, 0, &sensoren_ico };
s_disp_bitmap const disp_sensoren_inst = { Disp_Draw_Bitmap, 0, 0, &sensoren_ico };
//-----------------------------------------------------------------------------
unsigned char const drukverschil_ico_data[] =
{
  0x00,0x00,0x00,0x00,0x00,0x00,0x00,0x00,0x00,0x00,0x00,0x00,0x00,0x00,0x00,0x00,
  0x00,0x00,0x00,0x00,0xc0,0x01,0x0e,0x00,0x40,0x01,0x0a,0x00,0x40,0x01,0x0a,0x00,
  0x40,0x01,0x0a,0x00,0x40,0x01,0x0a,0x00,0x40,0x01,0x0a,0x00,0xc0,0x01,0x0a,0x00,
  0xc0,0x01,0x0a,0x00,0xc0,0x01,0x0e,0x00,0xc0,0x01,0x0e,0x00,0xc0,0x01,0x0e,0x00,
  0xc0,0x01,0x0e,0x00,0xc0,0x03,0x0f,0x00,0x80,0xff,0x07,0x00,0x00,0xff,0x03,0x00,
  0x00,0xfe,0x01,0x00,0x00,0x00,0x00,0x00,0x00,0x00,0x00,0x00,0x00,0x00,0x00,0x00,
  0x00,0x00,0x00,0x00,0x00,0x00,0x00,0x00,
};
static s_bitmap const drukverschil_ico = { 26, 26, drukverschil_ico_data };
s_disp_bitmap const disp_drukverschil_ico = { Disp_Draw_Bitmap, 9, 0, &drukverschil_ico };
//-----------------------------------------------------------------------------
unsigned char const twee_doek_een_bed_ico_data[] =
{
  0x00,0x00,0x00,0x00,0x00,0x00,0x00,0x00,0x81,0x04,0x00,0x02,0xa3,0x14,0x11,0x03,
  0xd7,0xac,0xaa,0x03,0x8b,0x44,0x44,0x03,0x81,0x04,0x00,0x02,0xdb,0xb6,0x6d,0x03,
  0x00,0x00,0x00,0x00,0x00,0x00,0x00,0x00,
};
s_bitmap const twee_doek_een_bed_ico = { 26, 10, twee_doek_een_bed_ico_data };
s_disp_bitmap const disp_twee_doek_een_bed_inst = { Disp_Draw_Bitmap, 9, 10, &twee_doek_een_bed_ico };
//-----------------------------------------------------------------------------
unsigned char const combimatic_ico_data[] =
{
  0x00,0x00,0x00,0x00,0x00,0x00,0x00,0x00,0x81,0x00,0x08,0x02,0xa3,0x88,0x08,0x02,
  0xd7,0x55,0x0d,0x02,0x8b,0x22,0x0a,0x02,0x81,0x00,0x08,0x02,0xdb,0xb6,0x6d,0x03,
  0x00,0x00,0x00,0x00,0x00,0x00,0x00,0x00,
};
s_bitmap const combimatic_ico = { 26, 10, combimatic_ico_data };
//-----------------------------------------------------------------------------
s_bitmap const * const ico_twee_doeken_op_een_draadbed_type[] = { &twee_doek_een_bed_ico, &combimatic_ico };
s_disp_bitmap_array const disp_twee_doek_een_bed_ico = { Disp_Draw_Bitmap_Array, 9, 10, ico_twee_doeken_op_een_draadbed_type, UCHAR, &opt_app.DualScreen[0].CombiMatic, 2 };
//-----------------------------------------------------------------------------
unsigned char const combimatic_a_b_ico_data[] =
{
  0x30,0x00,0x02,0x00,0x50,0x00,0x05,0x00,0x30,0x00,0x07,0x00,0x50,0x00,0x05,0x00,
  0x30,0x00,0x05,0x00,
};
s_bitmap const combimatic_a_b_ico = { 26, 5, combimatic_a_b_ico_data };
s_disp_bitmap_option_on const disp_combimatic_a_b_ico = { Disp_Draw_Bitmap_Option_On, 9, 6, &combimatic_a_b_ico, UCHAR, &opt_app.DualScreen[0].CombiMatic };
//-----------------------------------------------------------------------------
unsigned char const dualscreen_frame_ico_data[] =
{
  0x01,0x00,0x00,0x00,0x00,0x00,0x00,0x00,0x00,0x40,0x01,0x00,0x00,0x00,0x00,0x00,
  0x00,0x00,0x00,0x40,0x01,0x00,0x00,0x00,0x00,0x00,0x00,0x00,0x00,0x40,0x01,0x00,
  0x00,0x00,0x00,0x00,0x00,0x00,0x00,0x40,0x01,0x00,0x00,0x00,0x00,0x00,0x00,0x00,
  0x00,0x40,0x49,0x92,0x24,0x49,0x92,0x24,0x49,0x92,0x24,0x49,
};
s_bitmap const dualscreen_frame_ico = { 79, 6, dualscreen_frame_ico_data };
s_disp_bitmap const disp_dualscreen_frame_ico = { Disp_Draw_Bitmap, 9, 20, &dualscreen_frame_ico };
//-----------------------------------------------------------------------------
unsigned char const doek_00_ico_data[] =
{
  0x05,0x07,0x07,0x07,0x05,
};
s_bitmap const doek_00_ico = { 3, 5, doek_00_ico_data };
//-----------------------------------------------------------------------------
unsigned char const doek_01_ico_data[] =
{
  0x21,0x33,0x3f,0x33,0x21,
};
s_bitmap const doek_01_ico = { 6, 5, doek_01_ico_data };
//-----------------------------------------------------------------------------
unsigned char const doek_02_ico_data[] =
{
  0x01,0x01,0xa3,0x01,0xd7,0x01,0x8b,0x01,0x01,0x01,
};
s_bitmap const doek_02_ico = { 9, 5, doek_02_ico_data };
//-----------------------------------------------------------------------------
unsigned char const doek_03_ico_data[] =
{
  0x01,0x08,0x33,0x0c,0x4f,0x0e,0x83,0x0d,0x01,0x08,
};
s_bitmap const doek_03_ico = { 12, 5, doek_03_ico_data };
//-----------------------------------------------------------------------------
unsigned char const doek_04_ico_data[] =
{
  0x01,0x40,0x33,0x6c,0x4f,0x72,0x83,0x61,0x01,0x40,
};
s_bitmap const doek_04_ico = { 15, 5, doek_04_ico_data };
//-----------------------------------------------------------------------------
unsigned char const doek_05_ico_data[] =
{
  0x01,0x00,0x02,0x33,0x30,0x03,0xcf,0xcc,0x03,0x03,0x03,0x03,0x01,0x00,0x02,
};
s_bitmap const doek_05_ico = { 18, 5, doek_05_ico_data };
//-----------------------------------------------------------------------------
unsigned char const doek_06_ico_data[] =
{
  0x01,0x00,0x10,0x33,0x30,0x18,0xcf,0xcc,0x1c,0x03,0x03,0x1b,0x01,0x00,0x10,
};
s_bitmap const doek_06_ico = { 21, 5, doek_06_ico_data };
//-----------------------------------------------------------------------------
unsigned char const doek_07_ico_data[] =
{
  0x01,0x00,0x80,0x73,0xc0,0xc0,0x8f,0x33,0xf3,0x03,0x0c,0xcc,0x01,0x00,0x80,
};
s_bitmap const doek_07_ico = { 24, 5, doek_07_ico_data };
//-----------------------------------------------------------------------------
unsigned char const doek_08_ico_data[] =
{
  0x01,0x00,0x00,0x04,0x73,0x60,0x60,0x06,0x8f,0x99,0x99,0x07,0x03,0x06,0x06,0x06,
  0x01,0x00,0x00,0x04,
};
s_bitmap const doek_08_ico = { 27, 5, doek_08_ico_data };
//-----------------------------------------------------------------------------
unsigned char const doek_09_ico_data[] =
{
  0x01,0x00,0x00,0x20,0x73,0x00,0x07,0x30,0x8f,0xe3,0x38,0x3e,0x03,0x1c,0xc0,0x31,
  0x01,0x00,0x00,0x20,
};
s_bitmap const doek_09_ico = { 30, 5, doek_09_ico_data };
//-----------------------------------------------------------------------------
unsigned char const doek_10_ico_data[] =
{
  0x01,0x00,0x00,0x00,0x01,0x73,0x00,0x07,0x9c,0x01,0x8f,0xe3,0x18,0xe3,0x01,0x03,
  0x1c,0xe0,0x80,0x01,0x01,0x00,0x00,0x00,0x01,
};
s_bitmap const doek_10_ico = { 33, 5, doek_10_ico_data };
//-----------------------------------------------------------------------------
unsigned char const doek_11_ico_data[] =
{
  0x01,0x00,0x00,0x00,0x08,0x73,0x00,0x07,0x70,0x0c,0x8f,0xe3,0x38,0x8e,0x0f,0x03,
  0x1c,0xc0,0x01,0x0c,0x01,0x00,0x00,0x00,0x08,
};
s_bitmap const doek_11_ico = { 36, 5, doek_11_ico_data };
//-----------------------------------------------------------------------------
unsigned char const doek_12_ico_data[] =
{
  0x01,0x00,0x00,0x00,0x40,0xf3,0x00,0x38,0x80,0x63,0x0f,0x0f,0xc7,0x71,0x7c,0x03,
  0xf0,0x00,0x0e,0x60,0x01,0x00,0x00,0x00,0x40,
};
s_bitmap const doek_12_ico = { 39, 5, doek_12_ico_data };
//-----------------------------------------------------------------------------
unsigned char const doek_13_ico_data[] =
{
  0x01,0x00,0x00,0x00,0x00,0x02,0xf3,0x00,0xf0,0x00,0x38,0x03,0x0f,0x0f,0x0f,0x0f,
  0xc7,0x03,0x03,0xf0,0x00,0xf0,0x00,0x03,0x01,0x00,0x00,0x00,0x00,0x02,
};
s_bitmap const doek_13_ico = { 42, 5, doek_13_ico_data };
//-----------------------------------------------------------------------------
unsigned char const doek_14_ico_data[] =
{
  0x01,0x00,0x00,0x00,0x00,0x10,0xf3,0x00,0xf0,0x00,0xf0,0x18,0x0f,0x0f,0x0f,0x0f,
  0x0f,0x1f,0x03,0xf0,0x00,0xf0,0x00,0x18,0x01,0x00,0x00,0x00,0x00,0x10,
};
s_bitmap const doek_14_ico = { 45, 5, doek_14_ico_data };
//-----------------------------------------------------------------------------
unsigned char const doek_15_ico_data[] =
{
  0x01,0x00,0x00,0x00,0x00,0x80,0xf3,0x00,0xf0,0x00,0x38,0xc0,0x0f,0x0f,0x0f,0x0f,
  0xc7,0xf1,0x03,0xf0,0x00,0xf0,0x00,0xce,0x01,0x00,0x00,0x00,0x00,0x80,
};
s_bitmap const doek_15_ico = { 48, 5, doek_15_ico_data };
//-----------------------------------------------------------------------------
unsigned char const doek_16_ico_data[] =
{
  0x01,0x00,0x00,0x00,0x00,0x00,0x04,0xf3,0x00,0xf0,0x00,0xf0,0x00,0x06,0x0f,0x0f,
  0x0f,0x0f,0x0f,0x8f,0x07,0x03,0xf0,0x00,0xf0,0x00,0x70,0x06,0x01,0x00,0x00,0x00,
  0x00,0x00,0x04,
};
s_bitmap const doek_16_ico = { 51, 5, doek_16_ico_data };
//-----------------------------------------------------------------------------
unsigned char const doek_17_ico_data[] =
{
  0x01,0x00,0x00,0x00,0x00,0x00,0x20,0xf3,0x00,0xf0,0x00,0xf0,0x00,0x30,0x0f,0x0f,
  0x0f,0x0f,0x0f,0x0f,0x3f,0x03,0xf0,0x00,0xf0,0x00,0xf0,0x30,0x01,0x00,0x00,0x00,
  0x00,0x00,0x20,
};
s_bitmap const doek_17_ico = { 54, 5, doek_17_ico_data };
//-----------------------------------------------------------------------------
unsigned char const doek_18_ico_data[] =
{
  0x01,0x00,0x00,0x00,0x00,0x00,0x00,0x01,0xf3,0x00,0xf0,0x00,0x70,0x00,0x9e,0x01,
  0x0f,0x0f,0x0f,0x0f,0x8f,0xc3,0xe1,0x01,0x03,0xf0,0x00,0xf0,0x00,0x3c,0x80,0x01,
  0x01,0x00,0x00,0x00,0x00,0x00,0x00,0x01,
};
s_bitmap const doek_18_ico = { 57, 5, doek_18_ico_data };
//-----------------------------------------------------------------------------
unsigned char const doek_19_ico_data[] =
{
  0x01,0x00,0x00,0x00,0x00,0x00,0x00,0x08,0xf3,0x00,0xf0,0x00,0xf0,0x00,0xf0,0x0c,
  0x0f,0x0f,0x0f,0x0f,0x0f,0x0f,0x0f,0x0f,0x03,0xf0,0x00,0xf0,0x00,0xf0,0x00,0x0c,
  0x01,0x00,0x00,0x00,0x00,0x00,0x00,0x08,
};
s_bitmap const doek_19_ico = { 60, 5, doek_19_ico_data };
//-----------------------------------------------------------------------------
unsigned char const doek_20_ico_data[] =
{
  0x01,0x00,0x00,0x00,0x00,0x00,0x00,0x40,0xf3,0x00,0xf0,0x00,0x3c,0x00,0x0f,0x60,
  0x0f,0x0f,0x0f,0x87,0xc3,0xe1,0x70,0x78,0x03,0xf0,0x00,0x78,0x00,0x1e,0x80,0x67,
  0x01,0x00,0x00,0x00,0x00,0x00,0x00,0x40,
};
s_bitmap const doek_20_ico = { 63, 5, doek_20_ico_data };
//-----------------------------------------------------------------------------
unsigned char const doek_21_ico_data[] =
{
  0x01,0x00,0x00,0x00,0x00,0x00,0x00,0x00,0x02,0xf3,0xf0,0xf0,0xf0,0xf0,0xf0,0xf0,
  0x38,0x03,0x0f,0x0f,0x0f,0x0f,0x0f,0x0f,0x0f,0xc7,0x03,0x03,0x00,0x00,0x00,0x00,
  0x00,0x00,0x00,0x03,0x01,0x00,0x00,0x00,0x00,0x00,0x00,0x00,0x02,
};
s_bitmap const doek_21_ico = { 66, 5, doek_21_ico_data };
//-----------------------------------------------------------------------------
unsigned char const doek_22_ico_data[] =
{
  0x01,0x00,0x00,0x00,0x00,0x00,0x00,0x00,0x10,0xf3,0xf0,0xf0,0xf0,0xf0,0xf0,0xf0,
  0xf0,0x18,0x0f,0x0f,0x0f,0x0f,0x0f,0x0f,0x0f,0x0f,0x1f,0x03,0x00,0x00,0x00,0x00,
  0x00,0x00,0x00,0x18,0x01,0x00,0x00,0x00,0x00,0x00,0x00,0x00,0x10,
};
s_bitmap const doek_22_ico = { 69, 5, doek_22_ico_data };
//-----------------------------------------------------------------------------
unsigned char const doek_23_ico_data[] =
{
  0x01,0x00,0x00,0x00,0x00,0x00,0x00,0x00,0x80,0xe3,0x83,0x0f,0x3e,0xf8,0xe0,0x83,
  0x0f,0xcf,0x1f,0x7c,0xf0,0xc1,0x07,0x1f,0x7c,0xf0,0xf0,0x03,0x00,0x00,0x00,0x00,
  0x00,0x00,0x00,0xc0,0x01,0x00,0x00,0x00,0x00,0x00,0x00,0x00,0x80,
};
s_bitmap const doek_23_ico = { 72, 5, doek_23_ico_data };
//-----------------------------------------------------------------------------
unsigned char const doek_24_ico_data[] =
{
  0x01,0x00,0x00,0x00,0x00,0x00,0x00,0x00,0x00,0x04,0xe3,0x83,0x0f,0x3e,0xf8,0xe0,
  0x83,0x0f,0x3e,0x06,0x1f,0x7c,0xf0,0xc1,0x07,0x1f,0x7c,0xf0,0xc1,0x07,0x03,0x00,
  0x00,0x00,0x00,0x00,0x00,0x00,0x00,0x06,0x01,0x00,0x00,0x00,0x00,0x00,0x00,0x00,
  0x00,0x04,
};
s_bitmap const doek_24_ico = { 75, 5, doek_24_ico_data };
//-----------------------------------------------------------------------------
static unsigned char const bitmap_ana_input[] = 
{
  0x20,0x00,0x22,0x01,0x52,0x01,0x55,0x01,0x95,0x00,0x88,0x00,0x08,0x00,0x00,0x00,
  0xff,0x01,0x01,0x01,0x41,0x01,0x61,0x00,0xf1,0x03,0x61,0x00,0x41,0x01,0x01,0x01,
  0xff,0x01,
};
s_bitmap const ico_ana_input = { 10, 17, bitmap_ana_input };
s_disp_bitmap const disp_ana_input = { Disp_Draw_Bitmap, 32, 5, &ico_ana_input };

static unsigned char const bitmap_ana_output[] = 
{
  0x20,0x00,0x22,0x01,0x52,0x01,0x55,0x01,0x95,0x00,0x88,0x00,0x08,0x00,0x00,0x00,
  0xff,0x01,0x01,0x01,0x21,0x01,0x61,0x00,0xfd,0x00,0x61,0x00,0x21,0x01,0x01,0x01,
  0xff,0x01,
};
s_bitmap const ico_ana_output = { 10, 17, bitmap_ana_output };
s_disp_bitmap const disp_ana_output = { Disp_Draw_Bitmap, 32, 5, &ico_ana_output };

static unsigned char const bitmap_dig_input[] = 
{
  0x00,0x00,0xdc,0x00,0x54,0x00,0x54,0x00,0x54,0x00,0x76,0x00,0x00,0x00,0x00,0x00,
  0xff,0x01,0x01,0x01,0x41,0x01,0x61,0x00,0xf1,0x03,0x61,0x00,0x41,0x01,0x01,0x01,
  0xff,0x01,
};
s_bitmap const ico_dig_input = { 10, 17, bitmap_dig_input };
s_disp_bitmap const disp_dig_input = { Disp_Draw_Bitmap, 32, 5, &ico_dig_input };

static unsigned char const bitmap_dig_output[] = 
{
  0x00,0x00,0xdc,0x00,0x54,0x00,0x54,0x00,0x54,0x00,0x76,0x00,0x00,0x00,0x00,0x00,
  0xff,0x01,0x01,0x01,0x21,0x01,0x61,0x00,0xfd,0x00,0x61,0x00,0x21,0x01,0x01,0x01,
  0xff,0x01,
};
s_bitmap const ico_dig_output = { 10, 17, bitmap_dig_output };
s_disp_bitmap const disp_dig_output = { Disp_Draw_Bitmap, 32, 5, &ico_dig_output };

static unsigned char const bitmap_motor_control[] =
{
  0x38,0x00,0x44,0x00,0x83,0x01,0x83,0x01,0x83,0x01,0x44,0x00,0x38,0x00,0x00,0x00,
  0xff,0x01,0x01,0x01,0x21,0x01,0x61,0x00,0xfd,0x00,0x61,0x00,0x21,0x01,0x01,0x01,
  0xff,0x01,
};
s_bitmap const ico_motor_control = { 10, 17, bitmap_motor_control };
s_disp_bitmap const disp_motor_control = { Disp_Draw_Bitmap, 32, 5, &ico_motor_control };

static unsigned char const bitmap_RS485_bus[] =
{
  0x8e,0x03,0x8a,0x02,0x8a,0x02,0x8e,0x03,0x04,0x01,0xff,0x3f,0x20,0x08,0x70,0x1c,
  0x50,0x14,0x50,0x14,0x70,0x1c,
};
s_bitmap const ico_RS485_bus = { 14, 11, bitmap_RS485_bus };
s_disp_bitmap const disp_RS485_bus = { Disp_Draw_Bitmap, 30, 9, &ico_RS485_bus };

//-----------------------------------------------------------------------------
static unsigned char const bitmap_aanwijzer[] =
{
  0x00,0x03,0x00,0xc0,0x0f,0x00,0xf0,0x3f,0x00,0xfc,0xff,0x00,0xff,0xff,0x03,
};
s_bitmap const ico_aanwijzer = { 18, 5, bitmap_aanwijzer };
//-----------------------------------------------------------------------------
static unsigned char const bitmap_box[] =
{
  0xff,0xff,0x0f,0x01,0x00,0x08,0x01,0x00,0x08,0x01,0x00,0x08,0x01,0x00,0x08,0x01,
  0x00,0x08,0x01,0x00,0x08,0x01,0x00,0x08,0x01,0x00,0x08,0x01,0x00,0x08,0x01,0x00,
  0x08,0x01,0x00,0x08,0x01,0x00,0x08,0x01,0x00,0x08,0x01,0x00,0x08,0x01,0x00,0x08,
  0x01,0x00,0x08,0x01,0x00,0x08,0x01,0x00,0x08,0xff,0xff,0x0f,
};
s_bitmap const ico_box = { 20, 20, bitmap_box };
//-----------------------------------------------------------------------------
static unsigned char const ei_8x10_ico_data[] =
{
  0x18,0x24,0x42,0x42,0x81,0x81,0x81,0x81,0x42,0x3c,
};
s_bitmap const ei_8x10_ico = { 8, 10, ei_8x10_ico_data };

//-----------------------------------------------------------------------------
static unsigned char const bitmap_klok_niet[] = 
{
  0xe1,0x43,0x00,0x00,0x1a,0x2c,0x00,0x00,0x84,0x10,0x00,0x00,0x8a,0x28,0x00,0x00,
  0x92,0x24,0x00,0x00,0xa1,0x42,0x00,0x00,0xc1,0x41,0x00,0x00,0x81,0x40,0x00,0x00,
  0x41,0x41,0x00,0x00,0x21,0x42,0x00,0x00,0x12,0x24,0x00,0x00,0x0a,0x28,0x00,0x00,
  0x04,0x10,0x00,0x00,0x1a,0x2c,0x00,0x00,0xe1,0x43,0x00,0x00,
//  0x38,0x00,0x00,0x44,0x02,0x01,0x92,0x84,0x00,0x11,0x49,0x00,0x11,0x31,0x00,0x09,
//  0x31,0x00,0x05,0x49,0x00,0x82,0x84,0x00,0x44,0x02,0x01,0x38,0x00,0x00,
};
s_bitmap const ico_klok_niet = { 30,15, bitmap_klok_niet };
static unsigned char const bitmap_klok_ontvangen[] = 
{
  0xe0,0x03,0x80,0x00,0x18,0x0c,0x40,0x00,0x84,0x10,0x20,0x00,0x82,0x20,0x10,0x00,
  0x82,0x20,0x08,0x00,0x81,0x40,0xfc,0x3f,0x81,0x40,0x02,0x00,0x81,0x40,0x01,0x00,
  0x41,0x40,0x02,0x00,0x21,0x40,0xfc,0x3f,0x12,0x20,0x08,0x00,0x02,0x20,0x10,0x00,
  0x04,0x10,0x20,0x00,0x18,0x0c,0x40,0x00,0xe0,0x03,0x80,0x00,
//  0x38,0x00,0x00,0x44,0x20,0x00,0x92,0x10,0x00,0x11,0xf9,0x01,0x11,0x05,0x00,0x09,
//  0xf9,0x01,0x05,0x11,0x00,0x82,0x20,0x00,0x44,0x00,0x00,0x38,0x00,0x00,
};
s_bitmap const ico_klok_onvangen = { 30,15, bitmap_klok_ontvangen };
static unsigned char const bitmap_klok_zend[] = 
{
  0xe0,0x03,0x40,0x00,0x18,0x0c,0x80,0x00,0x84,0x10,0x00,0x01,0x82,0x20,0x00,0x02,
  0x82,0x20,0x00,0x04,0x81,0x40,0xff,0x0f,0x81,0x40,0x00,0x10,0x81,0x40,0x00,0x20,
  0x41,0x40,0x00,0x10,0x21,0x40,0xff,0x0f,0x12,0x20,0x00,0x04,0x02,0x20,0x00,0x02,
  0x04,0x10,0x00,0x01,0x18,0x0c,0x80,0x00,0xe0,0x03,0x40,0x00,
//  0x38,0x00,0x00,0x44,0x20,0x00,0x92,0x40,0x00,0x11,0xfd,0x00,0x11,0x01,0x01,0x09,
//  0xfd,0x00,0x05,0x41,0x00,0x82,0x20,0x00,0x44,0x00,0x00,0x38,0x00,0x00,
};
s_bitmap const ico_klok_zend = { 30,15, bitmap_klok_zend };
s_bitmap const * const ico_klok_niet_ontvangen_zenden[3] = { &ico_klok_niet, &ico_klok_onvangen, &ico_klok_zend  };
//-----------------------------------------------------------------------------
static unsigned char const bitmap_bus_ok[] =
{
  0x8e,0x03,0x8a,0x02,0x8a,0x02,0x8e,0x03,0x04,0x01,0xff,0x3f,0x20,0x08,0x70,0x1c,
  0x50,0x14,0x50,0x14,0x70,0x1c,
};
s_bitmap const ico_bus_ok = { 14, 11, bitmap_bus_ok };
s_disp_bitmap_option_on const disp_bus_ok_ico = { Disp_Draw_Bitmap_Option_On, 187, 3, &ico_bus_ok, UCHAR, &comm_blink_ico };
//-----------------------------------------------------------------------------
static unsigned char const bitmap_silo_FWS[] =
{
  0x57,0x1d,0x51,0x05,0x53,0x09,0x51,0x11,0xa1,0x1c,0x00,0x00,0xff,0x0f,0x01,0x08,
  0x01,0x08,0x01,0x08,0x01,0x08,0x01,0x08,0x01,0x08,0x01,0x08,0x02,0x04,0x04,0x02,
  0x09,0x09,0x91,0x08,0x61,0x08,0x01,0x08,0x01,0x08,
};
s_bitmap const ico_silo_FWS = { 13, 21, bitmap_silo_FWS };

//-----------------------------------------------------------------------------
static unsigned char const bitmap_password_help[] =
{
  0xe0,0x00,0x1c,0x80,0x03,0x70,0x00,0x0e,0xc0,0x01,0x18,0x03,0x63,0x60,0x0c,0x8c,
  0x81,0x31,0x30,0x06,0x04,0x84,0x80,0x10,0x10,0x02,0x42,0x40,0x08,0x08,0xc2,0x48,
  0x1e,0xc9,0x23,0xc1,0x24,0x9f,0xc4,0x11,0xe2,0x48,0x30,0x09,0x26,0xe1,0x24,0x83,
  0x64,0x10,0xc1,0x28,0x30,0x05,0xa6,0xd0,0x14,0x8f,0xe2,0x11,0xc1,0x28,0x1c,0x85,
  0xa3,0xc8,0x14,0x98,0x62,0x13,0xc1,0x28,0x06,0x05,0xa6,0xf8,0x14,0x98,0x62,0x13,
  0xc2,0x48,0x06,0x09,0x26,0xc1,0x24,0x98,0x64,0x13,0xc2,0x48,0x3e,0xc9,0x23,0xc1,
  0x24,0x8f,0xc4,0x11,0x04,0x88,0x00,0x11,0x20,0x02,0x44,0x80,0x08,0x10,0xf8,0x0f,
  0xff,0xe1,0x3f,0xfc,0x87,0xff,0xf0,0x1f,0x00,0x00,0x00,0x00,0x00,0x00,0x00,0x00,
  0x00,0x00,0x00,0x00,0x00,0x00,0x00,0x00,0x00,0x00,0x00,0x00,0x00,0x00,0x00,0x00,
  0x40,0x00,0x00,0x00,0x00,0x00,0x00,0x00,0x00,0x00,0xa0,0x00,0x00,0x00,0x00,0x00,
  0x00,0x00,0x00,0x00,0x10,0x01,0x00,0x00,0x00,0x00,0x00,0x00,0x00,0x00,0x08,0x02,
  0x00,0x00,0x00,0x00,0x00,0x00,0x00,0x00,0x04,0x04,0x00,0x00,0x00,0x00,0x00,0x00,
  0x00,0x00,0xf2,0x09,0x00,0x00,0x00,0x00,0x00,0x00,0x00,0x00,0x81,0x11,0x00,0x00,
  0x00,0x00,0x00,0x00,0x00,0x80,0xc0,0x20,0x00,0x00,0x00,0x00,0x00,0x00,0x00,0x40,
  0xc0,0x40,0x00,0x00,0x00,0x00,0x00,0x00,0x00,0x20,0x60,0x80,0x00,0x00,0x00,0x00,
  0x00,0x00,0x00,0x10,0x60,0x00,0x01,0x00,0x00,0x00,0x00,0x00,0x00,0x10,0x60,0x00,
  0x01,0x00,0x00,0x00,0x00,0x00,0x00,0x20,0x00,0x80,0x00,0x00,0x00,0x00,0x00,0x00,
  0x00,0xc6,0xff,0x7f,0x0c,0x00,0x00,0x00,0x00,0x00,0x00,0x09,0x00,0x00,0x12,0x00,
  0x00,0x00,0x00,0x00,0x80,0xd0,0xff,0x7f,0x21,0x00,0x00,0x00,0x00,0x00,0x40,0x50,
  0x00,0x40,0x41,0x00,0x00,0x00,0x00,0x00,0x20,0x50,0x00,0x40,0x81,0x00,0x00,0x00,
  0x00,0x00,0x10,0x50,0x00,0x40,0x01,0x01,0x00,0x00,0x00,0x00,0x08,0x50,0x00,0x40,
  0x01,0x02,0x00,0x00,0x00,0x00,0x84,0x53,0x9e,0x59,0x39,0x04,0x00,0x00,0x00,0x00,
  0xc2,0x56,0xb3,0x4d,0x6d,0x08,0x00,0x00,0x00,0x00,0xc1,0x56,0xb3,0x47,0x6d,0x10,
  0x00,0x00,0x00,0x80,0x80,0x53,0xb3,0x43,0x6d,0x20,0x00,0x00,0x00,0x00,0xc1,0x56,
  0xb3,0x47,0x79,0x10,0x00,0x00,0x00,0x00,0xc2,0x56,0xb3,0x4d,0x61,0x08,0x00,0x00,
  0x00,0x00,0x84,0x53,0x9e,0x59,0x39,0x04,0x00,0x00,0x00,0x00,0x08,0x50,0x00,0x40,
  0x01,0x02,0x00,0x00,0x00,0x00,0x10,0x50,0x00,0x40,0x01,0x01,0x00,0x00,0x00,0x00,
  0x20,0x50,0x00,0x40,0x81,0x00,0x00,0x00,0x00,0x00,0x40,0x50,0x00,0x40,0x41,0x00,
  0x00,0x00,0x00,0x00,0x80,0xd0,0xff,0x7f,0x21,0x00,0x00,0x00,0x00,0x00,0x00,0x09,
  0x00,0x00,0x12,0x00,0x00,0x00,0x00,0x00,0x00,0xc6,0xff,0x7f,0x0c,0x00,0x00,0x00,
  0x00,0x00,0x00,0x20,0x00,0x80,0x00,0x00,0x00,0x00,0x00,0x00,0x00,0x10,0xe0,0x00,
  0x01,0x00,0x00,0x00,0x00,0x00,0x00,0x10,0xb0,0x01,0x01,0x00,0x00,0x00,0x00,0x00,
  0x00,0x20,0xb0,0x81,0x00,0x00,0x00,0x00,0x00,0x00,0x00,0x40,0xb0,0x41,0x00,0x00,
  0x00,0x00,0x00,0x00,0x00,0x80,0xb0,0x21,0x00,0x00,0x00,0x00,0x00,0x00,0x00,0x00,
  0xb1,0x11,0x00,0x00,0x00,0x00,0x00,0x00,0x00,0x00,0xe2,0x08,0x00,0x00,0x00,0x00,
  0x00,0x00,0x00,0x00,0x04,0x04,0x00,0x00,0x00,0x00,0x00,0x00,0x00,0x00,0x08,0x02,
  0x00,0x00,0x00,0x00,0x00,0x00,0x00,0x00,0x10,0x01,0x00,0x00,0x00,0x00,0x00,0x00,
  0x00,0x00,0xa0,0x00,0x00,0x00,0x00,0x00,0x00,0x00,0x00,0x00,0x40,0x00,0x00,0x00,
  0x00,0x00,
};
s_bitmap const ico_password_help = { 77,61, bitmap_password_help };
s_disp_bitmap const disp_password_help = { Disp_Draw_Bitmap, 148, 10, &ico_password_help };

//*****************************************************************************
// Samen gestelde bitmaps
//*****************************************************************************

// Message screen
static s_disp_block  const disp_messages_screen_top    = { Disp_Draw_Black_Block,   31+3, 18+19, 196+3, 19+19 };
static s_disp_block  const disp_messages_screen_left   = { Disp_Draw_Black_Block,   30+3, 19+19, 31+3, 74+19 };
static s_disp_bitmap const disp_messages_screen_bot    = { Disp_Draw_Bitmap,  30+3,74+19, &ico_messages_screen_bot };
static s_disp_bitmap const disp_messages_screen_right  = { Disp_Draw_Bitmap,  196+3,18+19, &ico_messages_screen_right };
static s_disp_block  const disp_clear_message_area     = { Disp_Draw_White_Block,  32+3, 20+19, 196+3, 74+19 }; // verticaal


// Message box Bevestig
static s_disp_bitmap const disp_alert  = { Disp_Draw_Bitmap,  40+3, 31+19, &ico_alert };
static void * const messagebox_bevestig[] = { &disp_clear_message_area, &disp_messages_screen_top, &disp_messages_screen_left,
                                              &disp_messages_screen_bot, &disp_messages_screen_right,&disp_alert, 0 };
s_disp_data_component const disp_messagebox_bevestig = { Disp_Draw_Component_Abs, messagebox_bevestig };

// Message box Error
static s_disp_bitmap const disp_error  = { Disp_Draw_Bitmap,  40+3, 31+19, &ico_error };
static void * const messagebox_error[] = { &disp_clear_message_area, &disp_messages_screen_top, &disp_messages_screen_left,
                                              &disp_messages_screen_bot, &disp_messages_screen_right, &disp_error, 0 };
s_disp_data_component const disp_messagebox_error = { Disp_Draw_Component_Abs, messagebox_error };

//-----------------------------------------------------------------------------
static unsigned char const bitmap_sd_card[] = 
{
  0xff,0x7f,0x00,0x01,0x80,0x00,0x01,0x00,0x01,0x01,0x00,0x02,0x01,0x00,0x04,0x01,
  0x00,0x04,0x01,0x00,0x04,0xf9,0x7c,0x04,0x8d,0xcd,0x04,0x0d,0x8c,0x05,0x1d,0x8c,
  0x05,0x79,0x8c,0x05,0xf1,0x8c,0x05,0xc1,0x8d,0x05,0x81,0x8d,0x05,0x8d,0xcd,0x04,
  0xf9,0x7c,0x04,0x01,0x00,0x04,0x01,0x00,0x04,0x01,0x00,0x04,0x01,0x00,0x04,0x01,
  0x00,0x04,0x01,0x00,0x04,0xff,0xff,0x07,
};
s_bitmap const ico_sd_card = { 19,24, bitmap_sd_card };
s_disp_bitmap const disp_sd_card = { Disp_Draw_Bitmap, 9, 1, &ico_sd_card };
//-----------------------------------------------------------------------------
static unsigned char const bitmap_no_sd_card[] = 
{
  0xff,0x7f,0x00,0x00,0x80,0x00,0x01,0x00,0x05,0x02,0x00,0x02,0x05,0x00,0x05,0x09,
  0x80,0x04,0x11,0x40,0x04,0xa9,0x2c,0x04,0x4d,0xd5,0x04,0x8d,0x88,0x05,0x1d,0x85,
  0x05,0x79,0x8a,0x05,0x71,0x85,0x05,0x81,0x88,0x05,0x41,0x95,0x05,0xad,0xad,0x04,
  0xd1,0x5c,0x04,0x09,0x80,0x04,0x05,0x00,0x05,0x02,0x00,0x02,0x01,0x00,0x04,0x00,
  0x00,0x00,0x01,0x00,0x04,0xff,0xff,0x07,
};
s_bitmap const ico_no_sd_card = { 19,24, bitmap_no_sd_card };
//-----------------------------------------------------------------------------
static unsigned char const bitmap_arrow_right[] = 
{
  0x80,0x00,0x80,0x01,0x80,0x03,0x80,0x07,0xff,0x0f,0xff,0x1f,0xff,0x3f,0xff,0x3f,
  0xff,0x1f,0xff,0x0f,0x80,0x07,0x80,0x03,0x80,0x01,0x80,0x00,
};
s_bitmap const ico_arrow_right = { 14,14, bitmap_arrow_right };
//-----------------------------------------------------------------------------
static unsigned char const bitmap_cross_arrow_right[] = 
{
  0x81,0x20,0x82,0x11,0x84,0x0b,0x88,0x05,0xd7,0x0a,0x2f,0x1d,0xdf,0x3e,0xdf,0x3e,
  0x2f,0x1d,0xd7,0x0a,0x88,0x05,0x84,0x0b,0x82,0x11,0x81,0x20,
};
s_bitmap const ico_cross_arrow_right = { 14,14, bitmap_cross_arrow_right };
//-----------------------------------------------------------------------------
static unsigned char const bitmap_arrow_left[] = 
{
  0x40,0x00,0x60,0x00,0x70,0x00,0x78,0x00,0xfc,0x3f,0xfe,0x3f,0xff,0x3f,0xff,0x3f,
  0xfe,0x3f,0xfc,0x3f,0x78,0x00,0x70,0x00,0x60,0x00,0x40,0x00,
};
s_bitmap const ico_arrow_left = { 14,14, bitmap_arrow_left };
//-----------------------------------------------------------------------------
static unsigned char const bitmap_pc_big[] =
{
  0x00,0x00,0x00,0x00,0x00,0x00,0x00,0x00,0x00,0x00,0x00,0x00,0x00,0x00,0x00,0x00,
  0x00,0xfc,0x1f,0x00,0x00,0x02,0x20,0x00,0x00,0xf2,0x27,0x00,0x00,0xd2,0x27,0x00,
  0x00,0x12,0x27,0x00,0x00,0xd2,0x26,0x00,0x00,0xf2,0x27,0x00,0x00,0x02,0x20,0x00,
  0x00,0xfc,0x1f,0x00,0x00,0xe0,0x07,0x00,0xc0,0xff,0x7f,0x00,0x40,0x00,0x40,0x00,
  0xf0,0xff,0xff,0x00,0x18,0x00,0x80,0x00,0x4c,0x55,0xc5,0x00,0x04,0x00,0x60,0x00,
  0xfc,0xff,0x3f,0x00,0x00,0x00,0x00,0x00,0x00,0x00,0x00,0x00,0x00,0x00,0x00,0x00,
  0x00,0x00,0x00,0x00,0x00,0x00,0x00,0x00,
};
static s_bitmap const ico_pc_big = { 26,26, bitmap_pc_big };
static unsigned char const bitmap_modem_big[] =
{
  0x00,0x00,0x00,0x00,0x00,0x00,0x00,0x00,0x00,0x00,0x00,0x00,0x00,0x00,0x00,0x00,
  0x00,0x00,0x00,0x00,0x00,0x00,0x00,0x00,0x00,0x00,0x00,0x00,0x00,0x00,0x00,0x00,
  0x00,0x00,0x00,0x00,0x00,0x00,0x00,0x00,0xf8,0xff,0xff,0x00,0x04,0x00,0x00,0x01,
  0x04,0x00,0x00,0x01,0x84,0xbb,0x3b,0x01,0x84,0xaa,0x2a,0x01,0x84,0xbb,0x3b,0x01,
  0x04,0x00,0x00,0x01,0x04,0x00,0x00,0x01,0x04,0x00,0x00,0x01,0x04,0x00,0x00,0x01,
  0xf8,0xff,0xff,0x00,0x00,0x00,0x00,0x00,0x00,0x00,0x00,0x00,0x00,0x00,0x00,0x00,
  0x00,0x00,0x00,0x00,0x00,0x00,0x00,0x00,
};
static s_bitmap const ico_modem_big = { 26,26, bitmap_modem_big };
s_bitmap const * const ico_pc_modem_big_array[] = { &ico_pc_big, &ico_modem_big  };
//-----------------------------------------------------------------------------
static unsigned char const bitmap_globe[] = 
{
  0x00,0x00,0x00,0x00,0x00,0xfe,0x01,0x00,0x80,0xff,0x07,0x00,0xc0,0x03,0x1e,0x00,
  0xf0,0xc0,0x3f,0x00,0x78,0xe6,0x7f,0x00,0x7c,0x76,0xff,0x00,0x24,0xd8,0xff,0x00,
  0x06,0xf8,0xff,0x01,0x06,0xf8,0xff,0x01,0x03,0x9c,0xff,0x03,0x03,0xfc,0xfe,0x03,
  0x03,0xfe,0xff,0x03,0x03,0xff,0x8f,0x03,0x03,0xff,0x0f,0x03,0x03,0xfe,0x07,0x03,
  0x03,0xf0,0x03,0x03,0x02,0xf0,0x81,0x01,0x06,0xf0,0x81,0x01,0x04,0xe0,0xc1,0x00,
  0x0c,0xe0,0xc1,0x00,0x18,0xe0,0x60,0x00,0x30,0x60,0x18,0x00,0xe0,0x00,0x0c,0x00,
  0x80,0xff,0x07,0x00,0x00,0xfe,0x01,0x00,
};
static s_bitmap const ico_globe = { 26,26, bitmap_globe };
s_disp_bitmap const disp_globe = { Disp_Draw_Bitmap, 9, 0, &ico_globe };

//-----------------------------------------------------------------------------
static unsigned char const luchtmengkast_bovenkant_ico_data[] =
{
  0xff,0xff,0xff,0xff,0xff,0xff,0xff,0xff,0xff,0x7f,0x03,0x00,0x00,0x00,0x00,0x00,
  0x00,0x00,0x00,0x00,0x03,0x00,0x00,0x00,0x00,0x00,0x00,0x00,0x00,0x00,0x03,0x00,
  0x00,0x00,0x00,0x00,0x00,0x00,0x00,0x00,0x03,0x00,0x00,0x00,0x00,0x00,0x00,0x00,
  0x00,0x00,0x03,0x00,0x00,0x00,0x00,0x00,0x00,0x00,0x00,0x00,
};
s_bitmap const luchtmengkast_bovenkant_ico = { 79, 6, luchtmengkast_bovenkant_ico_data };
//-----------------------------------------------------------------------------
static unsigned char const luchtmengkast_onderkant_ico_data[] =
{
  0x03,0x00,0x00,0x00,0x00,0x00,0x00,0x00,0x00,0x00,0x00,0x03,0x00,0x00,0x00,0x00,
  0x00,0x00,0x00,0x00,0x00,0x00,0x03,0x00,0x00,0x00,0x00,0x00,0x00,0x00,0x00,0x00,
  0x00,0x03,0x00,0x00,0x00,0x00,0x00,0x00,0x00,0x00,0x00,0x00,0x03,0x00,0x00,0x00,
  0x00,0x00,0x00,0x00,0x00,0x00,0x00,0x03,0x00,0x00,0x00,0x00,0x00,0x00,0x00,0x00,
  0x00,0x00,0x03,0x00,0x00,0x00,0x00,0x00,0x00,0x00,0x00,0x80,0x01,0x03,0x00,0x00,
  0x00,0x00,0x00,0x00,0x00,0x00,0x80,0x01,0x03,0x00,0x00,0x00,0x00,0x00,0x00,0x00,
  0x00,0x80,0x01,0xff,0xff,0xff,0xff,0xff,0xff,0xff,0xff,0xff,0xff,0x01,
};
s_bitmap const luchtmengkast_onderkant_ico = { 81, 10, luchtmengkast_onderkant_ico_data };
//-----------------------------------------------------------------------------
static unsigned char const luchtmengkast_kanaal_ico_data[] =
{
  0x03,0x00,0x00,0x00,0x00,0x00,0x03,0x00,0x00,0x00,0x00,0x00,0x03,0x00,0x00,0x00,
  0x00,0x00,0x03,0x00,0x00,0x00,0x00,0x00,0xff,0xff,0xff,0xff,0xff,0x03,0x00,0x00,
  0x00,0x00,0x00,0x00,0x10,0x00,0x00,0x00,0x00,0x00,0x28,0x00,0x00,0x00,0x00,0x00,
  0x28,0x00,0x00,0x00,0x00,0x00,0x28,0x00,0x00,0x00,0x00,0x00,0x28,0x00,0x00,0x00,
  0x00,0x00,0x10,0x00,0x00,0x00,0x00,0x00,0x28,0x00,0x00,0x00,0x00,0x00,0x28,0x00,
  0x00,0x00,0x00,0x00,0x28,0x00,0x00,0x00,0x00,0x00,0x28,0x00,0x00,0x00,0x00,0x00,
  0x10,0x00,0x00,0x00,0x00,0x00,0x00,0x00,0x00,0x00,0x00,0x00,0xff,0xff,0xff,0xff,
  0xff,0x03,0x03,0x00,0x00,0x00,0x00,0x00,0x03,0x00,0x00,0x00,0x00,0x00,0x03,0x00,
  0x00,0x00,0x00,0x00,0x03,0x00,0x00,0x00,0x00,0x00,
};
s_bitmap const luchtmengkast_kanaal_ico = { 42, 23, luchtmengkast_kanaal_ico_data };
//-----------------------------------------------------------------------------
static unsigned char const buitenklep_1_ico_data[] =
{
  0x20,0x00,0x20,0x00,0x20,0x00,0x20,0x00,0x20,0x00,0x20,0x00,0x20,0x00,0x20,0x00,
  0x20,0x00,0x20,0x00,0x20,0x00,
};
s_bitmap const buitenklep_1_ico = { 11, 11, buitenklep_1_ico_data };
//-----------------------------------------------------------------------------
static unsigned char const buitenklep_2_ico_data[] =
{
  0x40,0x00,0x40,0x00,0x40,0x00,0x20,0x00,0x20,0x00,0x20,0x00,0x20,0x00,0x20,0x00,
  0x10,0x00,0x10,0x00,0x10,0x00,
};
s_bitmap const buitenklep_2_ico = { 11, 11, buitenklep_2_ico_data };
//-----------------------------------------------------------------------------
static unsigned char const buitenklep_3_ico_data[] =
{
  0x00,0x00,0x80,0x00,0x40,0x00,0x40,0x00,0x20,0x00,0x20,0x00,0x10,0x00,0x10,0x00,
  0x08,0x00,0x08,0x00,0x00,0x00,
};
s_bitmap const buitenklep_3_ico = { 11, 11, buitenklep_3_ico_data };
//-----------------------------------------------------------------------------
static unsigned char const buitenklep_4_ico_data[] =
{
  0x00,0x00,0x00,0x01,0x80,0x00,0x40,0x00,0x40,0x00,0x20,0x00,0x10,0x00,0x08,0x00,
  0x08,0x00,0x04,0x00,0x00,0x00,
};
s_bitmap const buitenklep_4_ico = { 11, 11, buitenklep_4_ico_data };
//-----------------------------------------------------------------------------
static unsigned char const buitenklep_5_ico_data[] =
{
  0x00,0x00,0x00,0x00,0x00,0x02,0x80,0x01,0x40,0x00,0x20,0x00,0x18,0x00,0x04,0x00,
  0x02,0x00,0x00,0x00,0x00,0x00,
};
s_bitmap const buitenklep_5_ico = { 11, 11, buitenklep_5_ico_data };
//-----------------------------------------------------------------------------
static unsigned char const buitenklep_6_ico_data[] =
{
  0x00,0x00,0x00,0x00,0x00,0x00,0x00,0x03,0xc0,0x00,0x30,0x00,0x0c,0x00,0x02,0x00,
  0x00,0x00,0x00,0x00,0x00,0x00,
};
s_bitmap const buitenklep_6_ico = { 11, 11, buitenklep_6_ico_data };
//-----------------------------------------------------------------------------
static unsigned char const buitenklep_7_ico_data[] =
{
  0x00,0x00,0x00,0x00,0x00,0x00,0x00,0x00,0x00,0x07,0xf8,0x00,0x07,0x00,0x00,0x00,
  0x00,0x00,0x00,0x00,0x00,0x00,
};
s_bitmap const buitenklep_7_ico = { 11, 11, buitenklep_7_ico_data };
//-----------------------------------------------------------------------------
static unsigned char const buitenklep_8_ico_data[] =
{
  0x00,0x00,0x00,0x00,0x00,0x00,0x00,0x00,0x00,0x00,0xff,0x07,0x00,0x00,0x00,0x00,
  0x00,0x00,0x00,0x00,0x00,0x00,
};
s_bitmap const buitenklep_8_ico = { 11, 11, buitenklep_8_ico_data };
//-----------------------------------------------------------------------------
s_bitmap const * const bmp_buitenklep_pos[8] = { &buitenklep_1_ico, &buitenklep_2_ico, &buitenklep_3_ico, &buitenklep_4_ico, &buitenklep_5_ico, &buitenklep_6_ico, &buitenklep_7_ico, &buitenklep_8_ico };
//-----------------------------------------------------------------------------
static unsigned char const binnenklep_1_ico_data[] =
{
  0x20,0x00,0x20,0x00,0x20,0x00,0x20,0x00,0x20,0x00,0x20,0x00,0x20,0x00,0x20,0x00,
  0x20,0x00,0x20,0x00,0x20,0x00,
};
s_bitmap const binnenklep_1_ico = { 11, 11, binnenklep_1_ico_data };
//-----------------------------------------------------------------------------
static unsigned char const binnenklep_2_ico_data[] =
{
  0x10,0x00,0x10,0x00,0x10,0x00,0x20,0x00,0x20,0x00,0x20,0x00,0x20,0x00,0x20,0x00,
  0x40,0x00,0x40,0x00,0x40,0x00,
};
s_bitmap const binnenklep_2_ico = { 11, 11, binnenklep_2_ico_data };
//-----------------------------------------------------------------------------
static unsigned char const binnenklep_3_ico_data[] =
{
  0x00,0x00,0x08,0x00,0x10,0x00,0x10,0x00,0x20,0x00,0x20,0x00,0x40,0x00,0x40,0x00,
  0x80,0x00,0x80,0x00,0x00,0x00,
};
s_bitmap const binnenklep_3_ico = { 11, 11, binnenklep_3_ico_data };
//-----------------------------------------------------------------------------
static unsigned char const binnenklep_4_ico_data[] =
{
  0x00,0x00,0x04,0x00,0x08,0x00,0x10,0x00,0x10,0x00,0x20,0x00,0x40,0x00,0x80,0x00,
  0x80,0x00,0x00,0x01,0x00,0x00,
};
s_bitmap const binnenklep_4_ico = { 11, 11, binnenklep_4_ico_data };
//-----------------------------------------------------------------------------
static unsigned char const binnenklep_5_ico_data[] =
{
  0x00,0x00,0x00,0x00,0x02,0x00,0x0c,0x00,0x10,0x00,0x20,0x00,0xc0,0x00,0x00,0x01,
  0x00,0x02,0x00,0x00,0x00,0x00,
};
s_bitmap const binnenklep_5_ico = { 11, 11, binnenklep_5_ico_data };
//-----------------------------------------------------------------------------
static unsigned char const binnenklep_6_ico_data[] =
{
  0x00,0x00,0x00,0x00,0x00,0x00,0x06,0x00,0x18,0x00,0x60,0x00,0x80,0x01,0x00,0x02,
  0x00,0x00,0x00,0x00,0x00,0x00,
};
s_bitmap const binnenklep_6_ico = { 11, 11, binnenklep_6_ico_data };
//-----------------------------------------------------------------------------
static unsigned char const binnenklep_7_ico_data[] =
{
  0x00,0x00,0x00,0x00,0x00,0x00,0x00,0x00,0x07,0x00,0xf8,0x00,0x00,0x07,0x00,0x00,
  0x00,0x00,0x00,0x00,0x00,0x00,
};
s_bitmap const binnenklep_7_ico = { 11, 11, binnenklep_7_ico_data };
//-----------------------------------------------------------------------------
static unsigned char const binnenklep_8_ico_data[] =
{
  0x00,0x00,0x00,0x00,0x00,0x00,0x00,0x00,0x00,0x00,0xff,0x07,0x00,0x00,0x00,0x00,
  0x00,0x00,0x00,0x00,0x00,0x00,
};
s_bitmap const binnenklep_8_ico = { 11, 11, binnenklep_8_ico_data };
//-----------------------------------------------------------------------------
s_bitmap const * const bmp_binnenklep_pos[8] = { &binnenklep_1_ico, &binnenklep_2_ico, &binnenklep_3_ico, &binnenklep_4_ico, &binnenklep_5_ico, &binnenklep_6_ico, &binnenklep_7_ico, &binnenklep_8_ico };
//-----------------------------------------------------------------------------
static unsigned char const bovenklep_ico_data[] =
{
  0xff,0x03,0x01,0x03,0x01,0x00,0x01,0x0c,0x01,0x03,0xc1,0x00,0x01,0x0c,0x01,0x03,
  0xc1,0x00,0x01,0x00,0x01,0x03,0xf1,0x03,0x11,0x00,0x11,0x00,
};
s_bitmap const bovenklep_ico = { 12, 14, bovenklep_ico_data };
//-----------------------------------------------------------------------------
static unsigned char const vent_13x13_ico_data[] =
{
  0x26,0x0c,0x49,0x12,0x11,0x11,0xa2,0x08,0xa4,0x04,0xf8,0x13,0xe2,0x08,0xf9,0x03,
  0xa4,0x04,0xa2,0x08,0x11,0x11,0x49,0x12,0x86,0x0c,
};
s_bitmap const vent_13x13_ico = { 13, 13, vent_13x13_ico_data };
//-----------------------------------------------------------------------------



//-----------------------------------------------------------------------------
//---------- Vrijgave ventilatoren --------------------------------------------
//-----------------------------------------------------------------------------
static unsigned char const input_1_ico_data[] =
{
  0xff,0x1f,0x01,0x10,0xc1,0x10,0xe1,0x10,0xc1,0x10,0xc1,0x10,0xc1,0x10,0xc1,0x10,
  0xc1,0x10,0x01,0x10,0xff,0x1f,
};
s_bitmap const input_1_ico = { 13, 11, input_1_ico_data };

static unsigned char const input_2_ico_data[] =
{
  0xff,0x1f,0x01,0x10,0xf1,0x10,0x81,0x11,0x81,0x11,0xe1,0x10,0x31,0x10,0x31,0x10,
  0xf1,0x11,0x01,0x10,0xff,0x1f,
};
s_bitmap const input_2_ico = { 13, 11, input_2_ico_data };

static unsigned char const input_3_ico_data[] =
{
  0xff,0x1f,0x01,0x10,0xf1,0x10,0x81,0x11,0x81,0x11,0xe1,0x10,0x81,0x11,0x81,0x11,
  0xf1,0x10,0x01,0x10,0xff,0x1f,
};
s_bitmap const input_3_ico = { 13, 11, input_3_ico_data };

static unsigned char const input_4_ico_data[] =
{
  0xff,0x1f,0x01,0x10,0x81,0x11,0xc1,0x11,0xa1,0x11,0x91,0x11,0xf1,0x11,0x81,0x11,
  0x81,0x11,0x01,0x10,0xff,0x1f,
};
s_bitmap const input_4_ico = { 13, 11, input_4_ico_data };

static unsigned char const input_5_ico_data[] =
{
  0xff,0x1f,0x01,0x10,0xf1,0x11,0x31,0x10,0xf1,0x10,0x81,0x11,0x81,0x11,0x81,0x11,
  0xf1,0x10,0x01,0x10,0xff,0x1f,
};
s_bitmap const input_5_ico = { 13, 11, input_5_ico_data };

static unsigned char const input_6_ico_data[] =
{
  0xff,0x1f,0x01,0x10,0xe1,0x10,0x31,0x10,0xf1,0x10,0xb1,0x11,0xb1,0x11,0xb1,0x11,
  0xe1,0x10,0x01,0x10,0xff,0x1f,
};
s_bitmap const input_6_ico = { 13, 11, input_6_ico_data };

static unsigned char const input_7_ico_data[] =
{
  0xff,0x1f,0x01,0x10,0xf1,0x11,0x81,0x11,0xc1,0x10,0xc1,0x10,0x61,0x10,0x61,0x10,
  0x61,0x10,0x01,0x10,0xff,0x1f,
};
s_bitmap const input_7_ico = { 13, 11, input_7_ico_data };

static unsigned char const input_8_ico_data[] =
{
  0xff,0x1f,0x01,0x10,0xe1,0x10,0xb1,0x11,0xb1,0x11,0xe1,0x10,0xb1,0x11,0xb1,0x11,
  0xe1,0x10,0x01,0x10,0xff,0x1f,
};
s_bitmap const input_8_ico = { 13, 11, input_8_ico_data };

static unsigned char const input_9_ico_data[] =
{
  0xff,0x1f,0x01,0x10,0xe1,0x10,0xb1,0x11,0xb1,0x11,0xb1,0x11,0xe1,0x11,0x81,0x11,
  0xe1,0x10,0x01,0x10,0xff,0x1f,
};
s_bitmap const input_9_ico = { 13, 11, input_9_ico_data };

static unsigned char const input_10_ico_data[] =
{
  0xff,0x1f,0x01,0x10,0x99,0x13,0xdd,0x16,0xd9,0x16,0xd9,0x16,0xd9,0x16,0xd9,0x16,
  0x99,0x13,0x01,0x10,0xff,0x1f,
};
s_bitmap const input_10_ico = { 13, 11, input_10_ico_data };

static unsigned char const input_11_ico_data[] =
{
  0xff,0x1f,0x01,0x10,0x19,0x13,0x9d,0x13,0x19,0x13,0x19,0x13,0x19,0x13,0x19,0x13,
  0x19,0x13,0x01,0x10,0xff,0x1f,
};
s_bitmap const input_11_ico = { 13, 11, input_11_ico_data };

static unsigned char const input_12_ico_data[] =
{
  0xff,0x1f,0x01,0x10,0xd9,0x13,0x1d,0x16,0x19,0x16,0x99,0x13,0xd9,0x10,0xd9,0x10,
  0xd9,0x17,0x01,0x10,0xff,0x1f,
};
s_bitmap const input_12_ico = { 13, 11, input_12_ico_data };

static unsigned char const input_13_ico_data[] =
{
  0xff,0x1f,0x01,0x10,0xd9,0x13,0x1d,0x16,0x19,0x16,0x99,0x13,0x19,0x16,0x19,0x16,
  0xd9,0x13,0x01,0x10,0xff,0x1f,
};
s_bitmap const input_13_ico = { 13, 11, input_13_ico_data };

static unsigned char const input_14_ico_data[] =
{
  0xff,0x1f,0x01,0x10,0x19,0x16,0x1d,0x17,0x99,0x16,0x59,0x16,0xd9,0x17,0x19,0x16,
  0x19,0x16,0x01,0x10,0xff,0x1f,
};
s_bitmap const input_14_ico = { 13, 11, input_14_ico_data };

static unsigned char const input_15_ico_data[] =
{
  0xff,0x1f,0x01,0x10,0xd9,0x17,0xdd,0x10,0xd9,0x13,0x19,0x16,0x19,0x16,0x19,0x16,
  0xd9,0x13,0x01,0x10,0xff,0x1f,
};
s_bitmap const input_15_ico = { 13, 11, input_15_ico_data };

static unsigned char const input_16_ico_data[] =
{
  0xff,0x1f,0x01,0x10,0x99,0x13,0xdd,0x10,0xd9,0x13,0xd9,0x16,0xd9,0x16,0xd9,0x16,
  0x99,0x13,0x01,0x10,0xff,0x1f,
};
s_bitmap const input_16_ico = { 13, 11, input_16_ico_data };

s_bitmap const * const input_nr_ico[] =
{
  &input_1_ico, &input_2_ico,  &input_3_ico,  &input_4_ico,  &input_5_ico,  &input_6_ico,  &input_7_ico,  &input_8_ico,
  &input_9_ico, &input_10_ico, &input_11_ico, &input_12_ico, &input_13_ico, &input_14_ico, &input_15_ico, &input_16_ico
};

static unsigned char const input_small_ico_data[] =
{
  0xff,0x01,0x01,0x01,0x41,0x01,0x61,0x00,0xf1,0x03,0x61,0x00,0x41,0x01,0x01,0x01,
  0xff,0x01,
};
s_bitmap const input_small_ico = { 10, 9, input_small_ico_data };

static unsigned char const vent_small_ico_data[] =
{
  0x20,0x00,0x4c,0x06,0x12,0x09,0xa2,0x08,0xa4,0x04,0xf8,0x13,0xe2,0x08,0xf9,0x03,
  0xa4,0x04,0xa2,0x08,0x12,0x09,0x4c,0x06,0x80,0x00,
};
s_bitmap const vent_small_ico = { 13, 13, vent_small_ico_data };

static unsigned char const bolletje_ico_data[] =
{
  0x0e,0x1f,0x1f,0x1f,0x0e,
};
s_bitmap const bolletje_ico = { 5, 5, bolletje_ico_data };







